Lake,Depth,Layer,Date,chl,DOC, TP ,NO3, NH4 ,epi,PAR,secchi,ice,iceout,a254,a380,SR,SUVA254,Alk,SRP,Si,TN
SS904,,mixed,2010-07-24 00:00:00,NA,NA,29,NA,NA,NA,NA,NA,late-summer,147,NA,NA,NA,NA,NA,NA,NA,NA
SS905,,mixed,2010-07-24 00:00:00,NA,NA,15,NA,NA,NA,NA,NA,late-summer,147,NA,NA,NA,NA,NA,NA,NA,NA
SS901,,mixed,2010-07-26 00:00:00,NA,NA,16,NA,NA,NA,NA,NA,late-summer,147,NA,NA,NA,NA,NA,NA,NA,NA
SS902,,mixed,2010-07-26 00:00:00,NA,NA,0,NA,NA,NA,NA,NA,late-summer,147,NA,NA,NA,NA,NA,NA,NA,NA
SS906,,mixed,2010-07-27 00:00:00,NA,NA,5,NA,NA,NA,NA,NA,late-summer,147,NA,NA,NA,NA,NA,NA,NA,NA
SS903,,mixed,2010-07-28 00:00:00,NA,NA,0,NA,NA,NA,NA,NA,late-summer,147,NA,NA,NA,NA,NA,NA,NA,NA
SS1333,,mixed,2010-08-03 00:00:00,NA,NA,4,NA,NA,NA,NA,NA,late-summer,142,NA,NA,NA,NA,NA,NA,NA,NA
SS1341,,mixed,2010-08-03 00:00:00,NA,NA,17,NA,NA,NA,NA,NA,late-summer,142,NA,NA,NA,NA,NA,NA,NA,NA
SS1381,,mixed,2010-08-03 00:00:00,NA,NA,5,NA,NA,NA,NA,NA,late-summer,142,NA,NA,NA,NA,NA,NA,NA,NA
SS85,,mixed,2010-08-03 00:00:00,NA,NA,0,NA,NA,NA,NA,NA,late-summer,142,NA,NA,NA,NA,NA,NA,NA,NA
SS2,,mixed,2010-08-08 00:00:00,NA,NA,10,NA,NA,NA,NA,NA,late-summer,142,NA,NA,NA,NA,NA,NA,NA,NA
SS8,,mixed,2010-08-10 00:00:00,NA,NA,0,NA,NA,NA,NA,NA,late-summer,142,NA,NA,NA,NA,NA,NA,NA,NA
SS3,,mixed,2010-08-11 00:00:00,NA,NA,0,NA,NA,NA,NA,NA,late-summer,142,NA,NA,NA,NA,NA,NA,NA,NA
SS4,,epi,2010-08-11 00:00:00,NA,NA,13,NA,NA,NA,NA,NA,late-summer,142,NA,NA,NA,NA,NA,NA,NA,NA
SS4,14,hypo,2010-08-11 00:00:00,NA,NA,51,NA,NA,NA,NA,NA,late-summer,142,NA,NA,NA,NA,NA,NA,NA,NA
SS1590,,epi,2010-08-12 00:00:00,NA,NA,3,NA,NA,NA,NA,NA,late-summer,142,NA,NA,NA,NA,NA,NA,NA,NA
SS2,,epi,2011-04-30 00:00:00,NA,NA,13,NA,NA,NA,NA,NA,under-ice,165,NA,NA,NA,NA,NA,NA,NA,NA
SS2,,hypo,2011-04-30 00:00:00,NA,NA,12,NA,NA,NA,NA,NA,under-ice,165,NA,NA,NA,NA,NA,NA,NA,NA
SS2,,epi,2011-04-30 00:00:00,NA,NA,13,NA,NA,NA,NA,NA,under-ice,170,NA,NA,NA,NA,NA,NA,NA,NA
SS8,,epi,2011-05-01 00:00:00,NA,NA,17,NA,NA,NA,NA,NA,under-ice,165,NA,NA,NA,NA,NA,NA,NA,NA
SS8,,hypo,2011-05-01 00:00:00,NA,NA,58,NA,NA,NA,NA,NA,under-ice,165,NA,NA,NA,NA,NA,NA,NA,NA
SS85,,mixed,2011-05-01 00:00:00,NA,NA,16,NA,NA,NA,NA,NA,under-ice,165,NA,NA,NA,NA,NA,NA,NA,NA
SS902,,epi,2011-05-02 00:00:00,NA,NA,10,NA,NA,NA,NA,NA,under-ice,170,NA,NA,NA,NA,NA,NA,NA,NA
SS903,,epi,2011-05-02 00:00:00,NA,NA,10,NA,NA,NA,NA,NA,under-ice,170,NA,NA,NA,NA,NA,NA,NA,NA
SS903,,hypo,2011-05-02 00:00:00,NA,NA,8,NA,NA,NA,NA,NA,under-ice,170,NA,NA,NA,NA,NA,NA,NA,NA
SS2N2,,epi,2011-05-04 00:00:00,NA,NA,12,NA,NA,NA,NA,NA,under-ice,165,NA,NA,NA,NA,NA,NA,NA,NA
SS2N2,,hypo,2011-05-04 00:00:00,NA,NA,18,NA,NA,NA,NA,NA,under-ice,165,NA,NA,NA,NA,NA,NA,NA,NA
SS1341,,mixed,2011-05-05 00:00:00,NA,NA,5,NA,NA,NA,NA,NA,under-ice,165,NA,NA,NA,NA,NA,NA,NA,NA
SS1381,,epi,2011-05-05 00:00:00,NA,NA,7,NA,NA,NA,NA,NA,under-ice,165,NA,NA,NA,NA,NA,NA,NA,NA
SS1381,,hypo,2011-05-05 00:00:00,NA,NA,21,NA,NA,NA,NA,NA,under-ice,165,NA,NA,NA,NA,NA,NA,NA,NA
SS901,,epi,2011-05-09 00:00:00,NA,NA,4,NA,NA,NA,NA,NA,under-ice,170,NA,NA,NA,NA,NA,NA,NA,NA
SS901,,hypo,2011-05-09 00:00:00,NA,NA,9,NA,NA,NA,NA,NA,under-ice,170,NA,NA,NA,NA,NA,NA,NA,NA
SS904,,epi,2011-05-09 00:00:00,NA,NA,15,NA,NA,NA,NA,NA,under-ice,170,NA,NA,NA,NA,NA,NA,NA,NA
SS904,,hypo,2011-05-09 00:00:00,NA,NA,6,NA,NA,NA,NA,NA,under-ice,170,NA,NA,NA,NA,NA,NA,NA,NA
SS905,,epi,2011-05-09 00:00:00,NA,NA,7,NA,NA,NA,NA,NA,under-ice,170,NA,NA,NA,NA,NA,NA,NA,NA
SS903,,epi,2011-05-10 00:00:00,NA,NA,0,NA,NA,NA,NA,NA,under-ice,170,NA,NA,NA,NA,NA,NA,NA,NA
SS903,,hypo,2011-05-10 00:00:00,NA,NA,5,NA,NA,NA,NA,NA,under-ice,170,NA,NA,NA,NA,NA,NA,NA,NA
SS2,,epi,2011-05-11 00:00:00,NA,NA,9,NA,NA,NA,NA,NA,under-ice,170,NA,NA,NA,NA,NA,NA,NA,NA
SS2,,hypo,2011-05-11 00:00:00,NA,NA,2,NA,NA,NA,NA,NA,under-ice,170,NA,NA,NA,NA,NA,NA,NA,NA
SS2,,epi,2011-05-18 00:00:00,NA,NA,9,NA,NA,NA,NA,NA,under-ice,170,NA,NA,NA,NA,NA,NA,NA,NA
SS2,,hypo,2011-05-18 00:00:00,NA,NA,19,NA,NA,NA,NA,NA,under-ice,170,NA,NA,NA,NA,NA,NA,NA,NA
SS903,,epi,2011-05-18 00:00:00,NA,NA,11,NA,NA,NA,NA,NA,under-ice,170,NA,NA,NA,NA,NA,NA,NA,NA
SS903,,hypo,2011-05-18 00:00:00,NA,NA,5,NA,NA,NA,NA,NA,under-ice,170,NA,NA,NA,NA,NA,NA,NA,NA
SS2,,epi,2011-05-23 00:00:00,NA,NA,6,NA,NA,NA,NA,NA,under-ice,170,NA,NA,NA,NA,NA,NA,NA,NA
SS2,,hypo,2011-05-23 00:00:00,NA,NA,12,NA,NA,NA,NA,NA,under-ice,170,NA,NA,NA,NA,NA,NA,NA,NA
SS903,,epi,2011-05-23 00:00:00,NA,NA,3,NA,NA,NA,NA,NA,under-ice,170,NA,NA,NA,NA,NA,NA,NA,NA
SS903,,hypo,2011-05-23 00:00:00,NA,NA,17,NA,NA,NA,NA,NA,under-ice,170,NA,NA,NA,NA,NA,NA,NA,NA
SS2,,epi,2011-06-19 00:00:00,NA,NA,0,NA,NA,NA,NA,NA,early,165,NA,NA,NA,NA,NA,NA,NA,NA
SS2,,hypo,2011-06-19 00:00:00,NA,NA,0,NA,NA,NA,NA,NA,early,165,NA,NA,NA,NA,NA,NA,NA,NA
SS903,,epi,2011-06-20 00:00:00,NA,NA,2,NA,NA,NA,NA,NA,early,170,NA,NA,NA,NA,NA,NA,NA,NA
SS903,,hypo,2011-06-20 00:00:00,NA,NA,1,NA,NA,NA,NA,NA,early,170,NA,NA,NA,NA,NA,NA,NA,NA
SS1333,,epi,2011-06-22 00:00:00,NA,NA,0,NA,NA,NA,NA,NA,early,165,NA,NA,NA,NA,NA,NA,NA,NA
SS1341,,epi,2011-06-22 00:00:00,NA,NA,8,NA,NA,NA,NA,NA,early,165,NA,NA,NA,NA,NA,NA,NA,NA
SS1341,,hypo,2011-06-22 00:00:00,NA,NA,6,NA,NA,NA,NA,NA,early,165,NA,NA,NA,NA,NA,NA,NA,NA
SS1381,,epi,2011-06-22 00:00:00,NA,NA,0,NA,NA,NA,NA,NA,early,165,NA,NA,NA,NA,NA,NA,NA,NA
SS1381,,hypo,2011-06-22 00:00:00,NA,NA,7,NA,NA,NA,NA,NA,early,165,NA,NA,NA,NA,NA,NA,NA,NA
SS1590,,epi,2011-06-23 00:00:00,NA,NA,0,NA,NA,NA,NA,NA,early,165,NA,NA,NA,NA,NA,NA,NA,NA
SS1590,,hypo,2011-06-23 00:00:00,NA,NA,33,NA,NA,NA,NA,NA,early,165,NA,NA,NA,NA,NA,NA,NA,NA
SS8,,epi,2011-06-23 00:00:00,NA,NA,7,NA,NA,NA,NA,NA,early,165,NA,NA,NA,NA,NA,NA,NA,NA
SS8,,hypo,2011-06-23 00:00:00,NA,NA,26,NA,NA,NA,NA,NA,early,165,NA,NA,NA,NA,NA,NA,NA,NA
SS85,,epi,2011-06-23 00:00:00,NA,NA,9,NA,NA,NA,NA,NA,early,165,NA,NA,NA,NA,NA,NA,NA,NA
SS85,,hypo,2011-06-23 00:00:00,NA,NA,11,NA,NA,NA,NA,NA,early,165,NA,NA,NA,NA,NA,NA,NA,NA
SS901,,epi,2011-06-25 00:00:00,NA,NA,4,NA,NA,NA,NA,NA,early,170,NA,NA,NA,NA,NA,NA,NA,NA
SS901,,hypo,2011-06-25 00:00:00,NA,NA,11,NA,NA,NA,NA,NA,early,170,NA,NA,NA,NA,NA,NA,NA,NA
SS909,,epi,2011-06-25 00:00:00,NA,NA,15,NA,NA,NA,NA,NA,early,170,NA,NA,NA,NA,NA,NA,NA,NA
SS909,,hypo,2011-06-25 00:00:00,NA,NA,11,NA,NA,NA,NA,NA,early,170,NA,NA,NA,NA,NA,NA,NA,NA
SS902,,epi,2011-06-27 00:00:00,NA,NA,9,NA,NA,NA,NA,NA,early,170,NA,NA,NA,NA,NA,NA,NA,NA
SS904,,epi,2011-06-27 00:00:00,NA,NA,9,NA,NA,NA,NA,NA,early,170,NA,NA,NA,NA,NA,NA,NA,NA
SS904,,hypo,2011-06-27 00:00:00,NA,NA,10,NA,NA,NA,NA,NA,early,170,NA,NA,NA,NA,NA,NA,NA,NA
SS905,,epi,2011-06-27 00:00:00,NA,NA,5,NA,NA,NA,NA,NA,early,170,NA,NA,NA,NA,NA,NA,NA,NA
SS2,,epi,2011-06-29 00:00:00,NA,NA,11,NA,NA,NA,NA,NA,early,165,NA,NA,NA,NA,NA,NA,NA,NA
SS2,,hypo,2011-06-29 00:00:00,NA,NA,24,NA,NA,NA,NA,NA,early,165,NA,NA,NA,NA,NA,NA,NA,NA
SS903,,epi,2011-06-30 00:00:00,NA,NA,12,NA,NA,NA,NA,NA,early,170,NA,NA,NA,NA,NA,NA,NA,NA
SS903,,hypo,2011-06-30 00:00:00,NA,NA,2,NA,NA,NA,NA,NA,early,170,NA,NA,NA,NA,NA,NA,NA,NA
SS1,1,epi,2013-06-05 00:00:00,2.93,17,6,2,19,not,5.3,2.55,early,153,81.6,7.73,1.2,NA,,0.1,NA,682
SS1,3,hypo,2013-06-05 00:00:00,3.72,NA,2,2,9,not,5.3,2.55,early,153,,,,NA,,0.1,NA,595
SS18,2,epi,2013-06-08 00:00:00,2.4,20,4,2,5,4,5.1,3.1,early,157,90.5,8.9,1.07,NA,,0.1,NA,648
SS18,5,meta,2013-06-08 00:00:00,2.93,NA,4,2,5,4,5.1,3.1,early,157,,,,NA,,0.1,NA,1002
SS18,8,hypo,2013-06-08 00:00:00,4.8,NA,18,2,144,4,5.1,3.1,early,157,,,,NA,,0.1,NA,634
SS1590,2,epi,2013-06-09 00:00:00,0.6,20,NA,2,10,1,7.01,5.74,early,157,88.5,6.28,1.21,NA,,0.1,NA,702
SS1590,5,meta,2013-06-09 00:00:00,1.067,NA,29,5,18,1,7.01,5.74,early,157,,,,NA,,0.1,NA,839
SS1590,8,hypo,2013-06-09 00:00:00,1.6,NA,2,11,48,1,7.01,5.74,early,157,,,,NA,,0.1,NA,1042
SS2,2,epi,2013-06-09 00:00:00,1,24,4,5,10,not,8.46,6.1,early,157,88.5,5.24,1.32,NA,,0.1,NA,622
SS2,5,meta,2013-06-09 00:00:00,1,NA,4,5,10,not,8.46,6.1,early,157,,,,NA,,0.1,NA,833
SS2,8,hypo,2013-06-09 00:00:00,1.067,NA,4,5,10,not,8.46,6.1,early,157,,,,NA,,0.1,NA,982
SS85,2,epi,2013-06-11 00:00:00,0.64,35,4,2,2,3,8.69,6.75,early,157,90.5,4.4,1.35,NA,,0.1,NA,1312
SS85,5,meta,2013-06-11 00:00:00,1.867,NA,5,2,27,3,8.69,6.75,early,157,,,,NA,,0.1,NA,1422
SS85,8,hypo,2013-06-11 00:00:00,2.933,NA,6,5,58,3,8.69,6.75,early,157,,,,NA,,0.1,NA,742
SS1381,2,epi,2013-06-12 00:00:00,0.266666667,26,4,2,4,4,12.39,9.95,early,157,64.09,2.59,1.46,NA,,0.1,NA,932
SS1381,5,meta,2013-06-12 00:00:00,0.666666667,NA,19,2,10,4,12.39,9.95,early,157,,,,NA,,0.1,NA,1352
SS1381,12,hypo,2013-06-12 00:00:00,1.6,NA,2,2,22,4,12.39,9.95,early,157,,,,NA,,0.1,NA,460
SS8,2,epi,2013-06-12 00:00:00,1.2,31,2,2,2,3,6.71,4.03,early,157,90.5,6.6,1.2,NA,,0.1,NA,814
SS8,4,meta,2013-06-12 00:00:00,1.2,NA,NA,2,10,3,6.71,4.03,early,157,,,,NA,,0.1,NA,1022
SS8,7,hypo,2013-06-12 00:00:00,27.2,NA,4,2,13,3,6.71,4.03,early,157,,,,NA,,0.1,NA,892
SS1341,2,epi,2013-06-13 00:00:00,0.8,16,2,2,2,4,13.37,8.75,early,157,42.7,2.09,1.46,NA,,0.1,NA,576
SS1341,5,meta,2013-06-13 00:00:00,0.96,NA,3,2,6,4,13.37,8.75,early,157,,,,NA,,0.1,NA,798
SS1341,8,hypo,2013-06-13 00:00:00,2.4,NA,12,2,19,4,13.37,8.75,early,157,,,,NA,,0.1,NA,480
SS16,2,epi,2013-06-14 00:00:00,4.53,,10,2,2,not,,,early,160,57.83,6.35,1.12,NA,,0.1,NA,476
SS16,5,meta,2013-06-14 00:00:00,4.53,NA,NA,2,3,not,,,early,160,,,,NA,,0.1,NA,446
SS16,8,hypo,2013-06-14 00:00:00,3.73,NA,8,2,9,not,,,early,160,,,,NA,,0.1,NA,580
Control,2,epi,2013-06-15 00:00:00,5.2,,7,2,6,not,,,early,160,36.8,3.31,1.23,NA,,0.1,NA,528
Control,4,meta,2013-06-15 00:00:00,9.6,NA,11,2,7,not,,,early,160,,,,NA,,0.1,NA,789
Control,7,hypo,2013-06-15 00:00:00,3.2,NA,5,14,195,not,,,early,160,,,,NA,,0.1,NA,538
SS56,3,epi,2013-06-17 00:00:00,0.8,15,2,2,24,6,14.48,10.85,early,160,40.1,1.95,1.44,NA,,0.1,NA,516
SS56,7,meta,2013-06-17 00:00:00,0.4,NA,2,3,27,6,14.48,10.85,early,160,,,,NA,,0.1,NA,762
SS56,9,hypo,2013-06-17 00:00:00,0.69,NA,2,2,38,6,14.48,10.85,early,160,,,,NA,,0.1,NA,405
SS67,2,epi,2013-06-17 00:00:00,2.2,10,3,2,3,4,8.86,5.1,early,160,37.58,3.04,1.25,NA,,0.1,NA,470
SS67,4,meta,2013-06-17 00:00:00,2.4,NA,4,2,4,4,8.86,5.1,early,160,,,,NA,,0.1,NA,375
SS67,6,hypo,2013-06-17 00:00:00,2.6,NA,2,2,2,4,8.86,5.1,early,160,,,,NA,,0.1,NA,366
SS68,4,epi,2013-06-17 00:00:00,0.51,9,2,2,2,7,18.9,15.2,early,160,23.49,1.14,1.44,NA,,0.1,NA,230
SS68,14,hypo,2013-06-17 00:00:00,0.635,NA,5,2,5,7,18.9,15.2,early,160,,,,NA,,0.1,NA,296
SS68,8,meta,2013-06-17 00:00:00,NA,NA,2,2,5,7,18.9,15.2,early,160,,,,NA,,0.1,NA,394
SS12,2,epi,2013-06-18 00:00:00,3.2,6,4,14,3,not,9.08,8.16,early,160,31.92,3.33,1.22,NA,,0.1,NA,284
SS12,4,meta,2013-06-18 00:00:00,4.53,NA,7,14,9,not,9.08,8.16,early,160,,,,NA,,0.1,NA,259
SS12,7,hypo,2013-06-18 00:00:00,3.73,NA,2,14,7,not,9.08,8.16,early,160,,,,NA,,0.1,NA,588
SS86,3,epi,2013-06-18 00:00:00,1.28,13,2,2,2,not,12.7,7.95,early,165,30.18,1.18,1.62,NA,,0.1,NA,539
SS86,5,meta,2013-06-18 00:00:00,1.6,NA,NA,2,2,not,12.7,7.95,early,165,,,,NA,,0.1,NA,620
SS86,8,hypo,2013-06-18 00:00:00,1.8,NA,10,2,2,not,12.7,7.95,early,165,,,,NA,,0.1,NA,388
SS903,3,epi,2013-06-19 00:00:00,0.69,8,2,2,2,not,16.04,8.95,early,165,21.77,1.14,1.52,NA,,0.1,NA,259
SS903,9,meta,2013-06-19 00:00:00,0.91,NA,2,2,15,not,16.04,8.95,early,165,,,,NA,,0.1,NA,265
SS903,18,hypo,2013-06-19 00:00:00,1.6,NA,2,2,4,not,16.04,8.95,early,165,,,,NA,,0.1,NA,380
SS57,3,epi,2013-06-20 00:00:00,0.8,7,2,2,5,not,18.58,8.18,early,160,18.73,0.9,1.58,NA,,0.1,NA,263
SS57,8,meta,2013-06-20 00:00:00,1.03,NA,2,2,2,not,18.58,8.18,early,160,,,,NA,,0.1,NA,285
SS57,14,hypo,2013-06-20 00:00:00,1.14,NA,2,2,7,not,18.58,8.18,early,160,,,,NA,,0.1,NA,260
SS66,3,epi,2013-06-20 00:00:00,1.44,5,3,2,3,not,17.21,8.35,early,160,15.97,1.06,1.44,NA,,0.1,NA,167
SS66,7,meta,2013-06-20 00:00:00,1.28,NA,2,2,5,not,17.21,8.35,early,160,,,,NA,,0.1,NA,175
SS66,14,hypo,2013-06-20 00:00:00,1.44,NA,3,2,2,not,17.21,8.35,early,160,,,,NA,,0.1,NA,220
SS21,3,epi,2013-06-21 00:00:00,1.067,5,3,2,3,8,13.76,6.65,early,165,16.58,1.37,1.38,NA,,0.1,NA,368
SS21,6,meta,2013-06-21 00:00:00,1.2,NA,4,2,5,8,13.76,6.65,early,165,,,,NA,,0.1,NA,212
SS21,10,hypo,2013-06-21 00:00:00,1.2,NA,4,2,6,8,13.76,6.65,early,165,,,,NA,,0.1,NA,358
SS904,3,epi,2013-06-21 00:00:00,0.8,5,3,2,2,not,14.74,6.95,early,165,17.87,1.37,1.46,NA,,0.1,NA,213
SS904,8,meta,2013-06-21 00:00:00,0.91,NA,2,2,2,not,14.74,6.95,early,165,,,,NA,,0.1,NA,178
SS904,12,hypo,2013-06-21 00:00:00,1.44,NA,3,2,2,not,14.74,6.95,early,165,,,,NA,,0.1,NA,189
SS905,3,epi,2013-06-21 00:00:00,0.91,4,3,2,2,not,13.71,6.8,early,165,17.36,1.56,1.32,NA,,0.1,NA,194
SS905,7,meta,2013-06-21 00:00:00,1.03,NA,11,2,2,not,13.71,6.8,early,165,,,,NA,,0.1,NA,233
SS905,10,hypo,2013-06-21 00:00:00,1.867,NA,6,2,2,not,13.71,6.8,early,165,,,,NA,,0.1,NA,235
SS901,3,epi,2013-06-22 00:00:00,1.2,8,4,2,4,not,10.5,4.25,early,165,31.43,2.46,1.33,NA,,0.1,NA,422
SS901,7,meta,2013-06-22 00:00:00,1.44,NA,5,2,8,not,10.5,4.25,early,165,,,,NA,,0.1,NA,590
SS901,11,hypo,2013-06-22 00:00:00,1.8,NA,3,2,2,not,10.5,4.25,early,165,,,,NA,,0.1,NA,276
SS906,3,epi,2013-06-22 00:00:00,1.6,5,5,2,9,not,10.48,4.15,early,165,24.68,2.34,1.3,NA,,0.1,NA,272
SS906,7,meta,2013-06-22 00:00:00,2.24,NA,8,2,2,not,10.48,4.15,early,165,,,,NA,,0.1,NA,578
SS906,12,hypo,2013-06-22 00:00:00,3.4,NA,8,2,9,not,10.48,4.15,early,165,,,,NA,,0.1,NA,493
Control,2,epi,2013-06-24 00:00:00,3.6,NA,7,2,2,NA,NA,NA,early,160,NA,NA,NA,NA,,0.1,NA,767
Control,4,meta,2013-06-24 00:00:00,4,NA,2,2,2,NA,NA,NA,early,160,,,,NA,,0.1,NA,215
Control,7,hypo,2013-06-24 00:00:00,17.6,NA,2,2,111,NA,NA,NA,early,160,,,,NA,,0.1,NA,238
SS10,3,epi,2013-06-24 00:00:00,0.8,4,2,2,2,not,19.45,8.16,early,160,11.6,0.87,1.5,NA,,0.1,NA,143
SS10,8,meta,2013-06-24 00:00:00,0.933,NA,4,2,2,not,19.45,8.16,early,160,,,,NA,,0.1,NA,236
SS10,18,hypo,2013-06-24 00:00:00,1.6,NA,3,2,5,not,19.45,8.16,early,160,,,,NA,,0.1,NA,537
SS15,3,epi,2013-06-24 00:00:00,1.73,6,4,2,2,8,11.28,5.55,early,160,24.65,2.17,1.28,NA,,0.1,NA,256
SS15,6,meta,2013-06-24 00:00:00,1.92,NA,8,2,8,8,11.28,5.55,early,160,,,,NA,,0.1,NA,439
SS15,15,hypo,2013-06-24 00:00:00,2.6,NA,8,2,7,8,11.28,5.55,early,160,,,,NA,,0.1,NA,455
SS16,2,epi,2013-06-24 00:00:00,4.4,NA,13,2,2,NA,NA,NA,early,160,NA,NA,NA,NA,,0.1,NA,517
SS16,5,meta,2013-06-24 00:00:00,5.2,NA,4,2,2,NA,NA,NA,early,160,,,,NA,,0.1,NA,302
SS16,8,hypo,2013-06-24 00:00:00,5.2,NA,2,2,3,NA,NA,NA,early,160,,,,NA,,0.1,NA,268
SS32,3,epi,2013-06-24 00:00:00,2.4,5,2,3,2,not,9.4,5.65,early,165,29.3,2.98,1.23,NA,,0.1,NA,223
SS32,7,meta,2013-06-24 00:00:00,2.6,NA,NA,4,5,not,9.4,5.65,early,165,,,,NA,,0.1,NA,NA
SS32,12,hypo,2013-06-24 00:00:00,2.4,NA,NA,5,3,not,9.4,5.65,early,165,,,,NA,,0.1,NA,NA
Control,2,epi,2013-07-17 00:00:00,3.6,NA,18,2,8,NA,NA,NA,mid-summer,160,NA,NA,NA,NA,,0.1,NA,677
Control,4,meta,2013-07-17 00:00:00,4,NA,7,2,5,NA,NA,NA,mid-summer,160,,,,NA,,0.1,NA,524
Control,7,hypo,2013-07-17 00:00:00,9.2,NA,18,2,80,NA,NA,NA,mid-summer,160,,,,NA,,0.1,NA,673
SS16,2,epi,2013-07-17 00:00:00,2.4,NA,10,2,9,NA,NA,NA,mid-summer,160,NA,NA,NA,NA,,0.1,NA,611
SS16,5,meta,2013-07-17 00:00:00,3.6,NA,8,2,6,NA,NA,NA,mid-summer,160,,,,NA,,0.1,NA,420
SS16,8,hypo,2013-07-17 00:00:00,9.6,NA,23,2,8,NA,NA,NA,mid-summer,160,,,,NA,,0.1,NA,639
SS1,2,epi,2013-07-18 00:00:00,3.47,17,7,2,13,not,5.6,3.13,mid-summer,156,73.5,6.11,1.23,NA,,0.1,NA,631
SS1,2,epi,2013-07-18 00:00:00,3.47,NA,7,2,16,not,5.6,3.13,mid-summer,156,,,,NA,,0.1,NA,656
SS1590,2,epi,2013-07-19 00:00:00,1.92,24,4,2,17,3,7.61,3.65,mid-summer,157,90.5,6.61,1.22,NA,,0.1,NA,932
SS1590,5,meta,2013-07-19 00:00:00,2.72,NA,4,2,14,3,7.61,3.65,mid-summer,157,,,,NA,,0.1,NA,878
SS1590,9,hypo,2013-07-19 00:00:00,1.8,NA,5,4,40,3,7.61,3.65,mid-summer,157,,,,NA,,0.1,NA,992
SS2,3,epi,2013-07-19 00:00:00,1.2,28,2,2,9,6,8.79,5.13,mid-summer,157,90.5,5.2,1.33,NA,,0.1,NA,709
SS2,7,meta,2013-07-19 00:00:00,1.4,NA,5,2,12,6,8.79,5.13,mid-summer,157,,,,NA,,0.1,NA,1042
SS2,10,hypo,2013-07-19 00:00:00,2,NA,2,14,31,6,8.79,5.13,mid-summer,157,,,,NA,,0.1,NA,952
SS85,3,epi,2013-07-20 00:00:00,0.93,40,2,2,14,5,10.38,8.4,mid-summer,157,90.5,4.4,1.38,NA,,0.1,NA,1132
SS85,6,meta,2013-07-20 00:00:00,1.07,NA,5,2,14,5,10.38,8.4,mid-summer,157,,,,NA,,0.1,NA,1132
SS85,9,hypo,2013-07-20 00:00:00,2.8,NA,3,2,19,5,10.38,8.4,mid-summer,157,,,,NA,,0.1,NA,1372
SS1381,3,epi,2013-07-21 00:00:00,0.8,30,NA,2,19,6,11.22,8.15,mid-summer,157,69.81,2.54,1.45,NA,,0.1,NA,942
SS1381,7,meta,2013-07-21 00:00:00,1.2,NA,4,2,12,6,11.22,8.15,mid-summer,157,,,,NA,,0.1,NA,932
SS1381,11,hypo,2013-07-21 00:00:00,2.6,NA,2,2,15,6,11.22,8.15,mid-summer,157,,,,NA,,0.1,NA,1052
SS8,2,epi,2013-07-21 00:00:00,1.8,37,8,2,13,4,6.53,5.55,mid-summer,157,90.5,7.1,1.2,NA,,0.1,NA,1122
SS8,5,meta,2013-07-21 00:00:00,1.8,NA,7,2,12,4,6.53,5.55,mid-summer,157,,,,NA,,0.1,NA,1102
SS8,9,hypo,2013-07-21 00:00:00,9.2,NA,17,2,265,4,6.53,5.55,mid-summer,157,,,,NA,,0.1,NA,1402
SS18,1,epi,2013-07-22 00:00:00,1.6,21,6,2,15,2,5.82,4.35,mid-summer,157,90.5,8.04,1.1,NA,,0.1,NA,803
SS18,5,meta,2013-07-22 00:00:00,2.29,NA,3,2,9,2,5.82,4.35,mid-summer,157,,,,NA,,0.1,NA,799
SS18,9,hypo,2013-07-22 00:00:00,7.38,NA,33,2,170,2,5.82,4.35,mid-summer,157,,,,NA,,0.1,NA,1272
SS903,3,epi,2013-07-22 00:00:00,0.32,8,7,2,12,11,18.55,12.05,mid-summer,165,21.54,1.03,1.52,NA,,0.1,NA,598
SS903,10,meta,2013-07-22 00:00:00,0.8,NA,5,2,13,11,18.55,12.05,mid-summer,165,,,,NA,,0.1,NA,291
SS903,18,hypo,2013-07-22 00:00:00,1.12,NA,24,2,7,11,18.55,12.05,mid-summer,165,,,,NA,,0.1,NA,350
SS904,3,epi,2013-07-24 00:00:00,1.1,5,10,2,6,6,16.49,9.23,mid-summer,165,17.45,1.11,1.44,NA,,0.1,NA,263
SS904,8,meta,2013-07-24 00:00:00,0.9,NA,3,2,12,6,16.49,9.23,mid-summer,165,,,,NA,,0.1,NA,337
SS904,14,hypo,2013-07-24 00:00:00,1.6,NA,8,2,11,6,16.49,9.23,mid-summer,165,,,,NA,,0.1,NA,321
SS905,3,epi,2013-07-24 00:00:00,0.53,4,3,2,3,5,12.29,7.35,mid-summer,165,16.73,1.26,1.38,NA,,0.1,NA,197
SS905,7,meta,2013-07-24 00:00:00,0.67,NA,3,2,3,5,12.29,7.35,mid-summer,165,,,,NA,,0.1,NA,235
SS905,10,hypo,2013-07-24 00:00:00,1.33,NA,3,2,6,5,12.29,7.35,mid-summer,165,,,,NA,,0.1,NA,1322
SS901,3,epi,2013-07-25 00:00:00,1.07,8,4,2,9,7,13.54,7.5,mid-summer,165,30.76,2.17,1.36,NA,,0.1,NA,442
SS901,8,meta,2013-07-25 00:00:00,1.2,NA,13,2,6,7,13.54,7.5,mid-summer,165,,,,NA,,0.1,NA,364
SS901,11,hypo,2013-07-25 00:00:00,1.33,NA,4,2,5,7,13.54,7.5,mid-summer,165,,,,NA,,0.1,NA,414
SS906,3,epi,2013-07-25 00:00:00,0.8,6,9,2,7,5,12.8,7,mid-summer,165,23.75,1.97,1.33,NA,,0.1,NA,499
SS906,6,meta,2013-07-25 00:00:00,0.96,NA,2,2,8,5,12.8,7,mid-summer,165,,,,NA,,0.1,NA,320
SS906,11,hypo,2013-07-25 00:00:00,1.6,NA,33,2,12,5,12.8,7,mid-summer,165,,,,NA,,0.1,NA,448
SS56,3,epi,2013-07-27 00:00:00,0.67,16,2,2,18,7,14.85,11.05,mid-summer,160,39.68,1.71,1.47,NA,,0.1,NA,651
SS56,8,meta,2013-07-27 00:00:00,0.8,NA,8,2,17,7,14.85,11.05,mid-summer,160,,,,NA,,0.1,NA,564
SS56,11,hypo,2013-07-27 00:00:00,1.2,NA,NA,2,46,7,14.85,11.05,mid-summer,160,,,,NA,,0.1,NA,643
SS57,3,epi,2013-07-27 00:00:00,0.5,8,2,2,7,9,20.73,10.6,mid-summer,160,18.9,0.82,1.57,NA,,0.1,NA,709
SS57,10,meta,2013-07-27 00:00:00,0.6,NA,6,2,9,9,20.73,10.6,mid-summer,160,,,,NA,,0.1,NA,467
SS57,15,hypo,2013-07-27 00:00:00,0.9,NA,2,2,10,9,20.73,10.6,mid-summer,160,,,,NA,,0.1,NA,706
SS66,3,epi,2013-07-27 00:00:00,0.64,5,2,2,21,9,18.25,12.45,mid-summer,160,15.05,0.88,1.5,NA,,0.1,NA,206
SS66,11,meta,2013-07-27 00:00:00,0.64,NA,3,2,7,9,18.25,12.45,mid-summer,160,,,,NA,,0.1,NA,176
SS66,15,hypo,2013-07-27 00:00:00,1.2,NA,2,2,6,9,18.25,12.45,mid-summer,160,,,,NA,,0.1,NA,300
SS67,3,epi,2013-07-27 00:00:00,2,11,NA,2,18,not,10.55,5.85,mid-summer,160,34.79,2.24,1.32,NA,,0.1,NA,449
SS67,6,hypo,2013-07-27 00:00:00,2.2,NA,11,2,10,not,10.55,5.85,mid-summer,160,,,,NA,,0.1,NA,440
SS10,3,epi,2013-07-29 00:00:00,0.67,4,2,2,8,7,20.64,9.85,mid-summer,160,11.09,0.7,1.54,NA,,0.1,NA,280
SS10,8,meta,2013-07-29 00:00:00,0.67,NA,2,2,6,7,20.64,9.85,mid-summer,160,,,,NA,,0.1,NA,212
SS10,15,hypo,2013-07-29 00:00:00,1.07,NA,5,2,6,7,20.64,9.85,mid-summer,160,,,,NA,,0.1,NA,224
SS12,3,epi,2013-07-29 00:00:00,0.93,7,NA,2,8,5,9.82,7.9,mid-summer,160,31,2.82,1.27,NA,,0.1,NA,292
SS12,7,meta,2013-07-29 00:00:00,1.47,NA,5,2,7,5,9.82,7.9,mid-summer,160,,,,NA,,0.1,NA,571
SS12,12,hypo,2013-07-29 00:00:00,1.47,NA,12,12,9,5,9.82,7.9,mid-summer,160,,,,NA,,0.1,NA,252
SS15,3,epi,2013-07-29 00:00:00,1.33,6,3,2,12,6,11.31,5.6,mid-summer,160,23.79,1.83,1.32,NA,,0.1,NA,243
SS15,7,meta,2013-07-29 00:00:00,2,NA,6,2,2,6,11.31,5.6,mid-summer,160,,,,NA,,0.1,NA,221
SS15,11,hypo,2013-07-29 00:00:00,2.8,NA,5,2,11,6,11.31,5.6,mid-summer,160,,,,NA,,0.1,NA,205
SS32,3,epi,2013-07-29 00:00:00,1.45,5,5,2,12,not,15.09,10.75,mid-summer,165,28.71,2.84,1.28,NA,,0.1,NA,268
SS32,7,meta,2013-07-29 00:00:00,1.07,NA,NA,2,15,not,15.09,10.75,mid-summer,165,,,,NA,,0.1,NA,334
SS32,12,hypo,2013-07-29 00:00:00,1.07,NA,5,2,10,not,15.09,10.75,mid-summer,165,,,,NA,,0.1,NA,224
SS86,3,epi,2013-07-29 00:00:00,1.2,13,3,2,3,not,15.81,8.1,mid-summer,165,29.68,1.07,1.69,NA,,0.1,NA,902
SS86,6,meta,2013-07-29 00:00:00,1.33,NA,2,2,2,not,15.81,8.1,mid-summer,165,,,,NA,,0.1,NA,569
SS86,9,hypo,2013-07-29 00:00:00,1.47,NA,2,2,11,not,15.81,8.1,mid-summer,165,,,,NA,,0.1,NA,726
SS1341,3,epi,2013-07-30 00:00:00,0.5,17,5,2,13,6,14,9.7,mid-summer,157,44.38,1.85,1.44,NA,,0.1,NA,682
SS1341,8,meta,2013-07-30 00:00:00,0.8,NA,2,2,15,6,14,9.7,mid-summer,157,,,,NA,,0.1,NA,639
SS1341,12,hypo,2013-07-30 00:00:00,1.33,NA,11,2,10,6,14,9.7,mid-summer,157,,,,NA,,0.1,NA,800
SS21,3,epi,2013-07-30 00:00:00,0.8,5,5,2,8,8,15.09,10.75,mid-summer,165,15.75,1.13,1.41,NA,,0.1,NA,329
SS21,10,meta,2013-07-30 00:00:00,1.2,NA,5,2,8,8,15.09,10.75,mid-summer,165,,,,NA,,0.1,NA,199
SS21,16,hypo,2013-07-30 00:00:00,1.4,NA,3,2,13,8,15.09,10.75,mid-summer,165,,,,NA,,0.1,NA,341
SS68,3,epi,2013-07-30 00:00:00,0.3,9,4,2,10,8,18.73,12.95,mid-summer,160,23.72,1.03,1.49,NA,,0.1,NA,267
SS68,10,meta,2013-07-30 00:00:00,0.6,NA,NA,2,15,8,18.73,12.95,mid-summer,160,,,,NA,,0.1,NA,253
SS68,16,hypo,2013-07-30 00:00:00,0.8,NA,16,2,15,8,18.73,12.95,mid-summer,160,,,,NA,,0.1,NA,274
Control,2,epi,2013-07-31 00:00:00,3.47,,11,2,5,4,NA,3.65,mid-summer,160,35.75,2.68,1.32,NA,,0.1,NA,610
Control,5,meta,2013-07-31 00:00:00,4.8,NA,2,2,11,4,NA,3.65,mid-summer,160,,,,NA,,0.1,NA,568
Control,7,hypo,2013-07-31 00:00:00,28,NA,17,2,229,4,NA,3.65,mid-summer,160,,,,NA,,0.1,NA,1312
SS16,2,epi,2013-07-31 00:00:00,2.93,,7,2,6,5,NA,3.8,mid-summer,160,52.28,4.71,1.18,NA,,0.1,NA,443
SS16,5,meta,2013-07-31 00:00:00,3.47,NA,9,2,6,5,NA,3.8,mid-summer,160,,,,NA,,0.1,NA,588
SS16,8,hypo,2013-07-31 00:00:00,8,NA,14,2,2,5,NA,3.8,mid-summer,160,,,,NA,,0.1,NA,429
Control,2,epi,2014-06-14 00:00:00,4.55,9.07,4,2,19.4,3,6.72,2.9,early,164,34.99,3.13,1.14,NA,600,0.1,NA,585
Control,4,meta,2014-06-14 00:00:00,6.65,NA,4,2,26.9,3,6.72,2.9,early,164,,,,NA,,0.1,NA,631
Control,7,hypo,2014-06-14 00:00:00,8.75,NA,8,2,243,3,6.72,2.9,early,164,,,,NA,,0.1,NA,1099
SS16,2,epi,2014-06-15 00:00:00,3.85,9.33,4,2,2,not,7.13,3.8,early,164,45.74,4.19,1.11,NA,480,0.1,NA,475
SS16,5,meta,2014-06-15 00:00:00,3.5,NA,3,2,2,not,7.13,3.8,early,164,,,,NA,,0.1,NA,449
SS16,8,hypo,2014-06-15 00:00:00,3.85,NA,4,2,2,not,7.13,3.8,early,164,,,,NA,,0.1,NA,553
SS18,1,epi,2014-06-18 00:00:00,2.8,22,2,2,2,3,6.04,3.3,early,161,98.64,7.76,1.13,NA,1240,0.1,NA,809
SS18,3,meta,2014-06-18 00:00:00,4.2,NA,2,2,2,3,6.04,3.3,early,161,,,,NA,,0.1,NA,755
SS18,6,hypo,2014-06-18 00:00:00,6.3,NA,6,2,2,3,6.04,3.3,early,161,,,,NA,,0.1,NA,851
SS1341,3,epi,2014-06-19 00:00:00,1.4,NA,2,2,2,,NA,8.5,early,161,NA,NA,NA,NA,2240,0.1,NA,627
SS1341,5,meta,2014-06-19 00:00:00,1.05,NA,2,2,8,,NA,8.5,early,161,,,,NA,,0.1,NA,892
SS1341,9,hypo,2014-06-19 00:00:00,1.4,NA,2,3,19,,NA,8.5,early,161,,,,NA,,0.1,NA,999
SS1381,2,epi,2014-06-20 00:00:00,0.7,24.93,2,2,1.35,,13.64,9.8,early,161,53.67,1.81,1.37,NA,3120,0.1,NA,829
SS1381,5,meta,2014-06-20 00:00:00,0.933333333,NA,2,2,2,,13.64,9.8,early,161,,,,NA,,0.1,NA,1199
SS1381,9,hypo,2014-06-20 00:00:00,2.333333333,NA,4,2.17,2,,13.64,9.8,early,161,,,,NA,,0.1,NA,1309
SS8,1,epi,2014-06-20 00:00:00,1.633333333,29.84,2,2,2,,7.13,5.4,early,161,98.15,4.67,1.16,NA,2280,0.1,NA,880
SS8,7,hypo,2014-06-20 00:00:00,7,50.35,11,2,2,,7.13,5.4,early,161,171.09,8.44,1.23,NA,,0.1,NA,1699
SS8,4,meta,2014-06-20 00:00:00,1.4,NA,5,2,4,,7.13,5.4,early,161,,,,NA,,0.1,NA,1329
SS901,2,epi,2014-06-22 00:00:00,0.7,8,3,2,2,4,11.46,6.7,early,165,28.91,2.04,1.32,NA,720,0.1,NA,419
SS901,5,meta,2014-06-22 00:00:00,0.933,NA,2,2,2,4,11.46,6.7,early,165,,,,NA,,0.1,NA,415
SS901,9,hypo,2014-06-22 00:00:00,1.167,NA,3,2,2,4,11.46,6.7,early,165,,,,NA,,0.1,NA,421
SS906,2,epi,2014-06-22 00:00:00,1.8,5,2,2,2,3,11.5,6.5,early,165,22.57,1.91,1.28,NA,460,0.1,NA,353
SS906,5,meta,2014-06-22 00:00:00,1.167,NA,2,2,2,3,11.5,6.5,early,165,,,,NA,,0.1,NA,332
SS906,10,hypo,2014-06-22 00:00:00,3.5,NA,2,4,2,3,11.5,6.5,early,165,,,,NA,,0.1,NA,328
SS904,2,epi,2014-06-24 00:00:00,0.816666667,5.08,2,2,2,,NA,7.7,early,165,18.54,2.02,1.79,NA,560,0.1,NA,394
SS904,4,meta,2014-06-24 00:00:00,0.7,NA,2,2,2,,NA,7.7,early,165,,,,NA,,0.1,NA,344
SS904,9,hypo,2014-06-24 00:00:00,1.225,NA,2,2,2,,NA,7.7,early,165,,,,NA,,0.1,NA,342
SS905,2,epi,2014-06-24 00:00:00,0.7,4.48,2,2,2,,NA,5.5,early,165,17.05,1.36,,NA,440,0.1,NA,298
SS905,6,meta,2014-06-24 00:00:00,0.7,NA,2,2,2,,NA,5.5,early,165,,,,NA,,0.1,NA,297
SS905,9,hypo,2014-06-24 00:00:00,1.575,NA,5,2,2,,NA,5.5,early,165,,,,NA,,0.1,NA,327
SS1590,1,epi,2014-06-25 00:00:00,1.75,19.52,2,2,2,,8.04,4.8,early,161,82.88,4.95,1.19,NA,1560,0.1,NA,799
SS1590,4,meta,2014-06-25 00:00:00,3.85,NA,2,2,2,,8.04,4.8,early,161,,,,NA,,0.1,NA,1169
SS1590,8,hypo,2014-06-25 00:00:00,4.9,NA,2,2,3,,8.04,4.8,early,161,,,,NA,,0.1,NA,1159
SS2,2,epi,2014-06-25 00:00:00,1.4,26,2,2,4,4,9.68,5,early,161,81.09,4.06,1.25,NA,2420,0.1,NA,905
SS2,6,meta,2014-06-25 00:00:00,1.75,NA,2,2,2,4,9.68,5,early,161,,,,NA,,0.1,NA,863
SS2,9,hypo,2014-06-25 00:00:00,3.85,NA,6,2,2,4,9.68,5,early,161,,,,NA,,0.1,NA,1119
Control,2,epi,2014-06-26 00:00:00,4.2,9.83,3,2,2,,6.61,3.3,early,164,34.98,2.9,1.27,NA,520,0.1,NA,717
Control,4,meta,2014-06-26 00:00:00,5.6,NA,3,2,2,,6.61,3.3,early,164,,,,NA,,0.1,NA,659
Control,7,hypo,2014-06-26 00:00:00,8.4,NA,11,2,243,,6.61,3.3,early,164,,,,NA,,0.1,NA,1229
SS10,0,epi,2014-06-26 00:00:00,0.7,4,2,2,2,,NA,NA,early,164,11.18,0.78,1.48,NA,500,0.1,NA,383
SS15,3,epi,2014-06-26 00:00:00,1.867,18.97,2,2,2,,12.59,6.2,early,164,22.91,1.82,1.28,NA,700,0.1,NA,368
SS15,9,hypo,2014-06-26 00:00:00,1.75,NA,2,2.63,2,,12.59,6.2,early,164,,,,NA,,0.1,NA,351
SS16,5,meta,2014-06-26 00:00:00,3.85,10.09,5,2,2,,7.13,3.4,early,164,49.09,4.42,1.12,NA,,0.1,NA,564
SS16,2,epi,2014-06-26 00:00:00,3.5,10.33,17,2,3.56,,7.13,3.4,early,164,48.62,4.25,1.1,NA,560,0.1,NA,645
SS16,8,hypo,2014-06-26 00:00:00,2.1,NA,4,2,2,,7.13,3.4,early,164,,,,NA,,0.1,NA,579
SS16,10,hypo,2014-06-26 00:00:00,4.2,NA,9,2,9.2,,7.13,3.4,early,164,,,,NA,,0.1,NA,729
SS32,2,epi,2014-06-26 00:00:00,2.1,5.4,2,2,2,,8.67,NA,early,165,28.26,2.74,1.21,NA,380,0.1,NA,356
SS32,6,meta,2014-06-26 00:00:00,2.1,NA,2,2,2,,8.67,NA,early,165,,,,NA,,0.1,NA,363
SS32,14,hypo,2014-06-26 00:00:00,3.15,NA,2,2,2,,8.67,NA,early,165,,,,NA,,0.1,NA,416
SS86,0,epi,2014-06-26 00:00:00,1.05,13.41,2,2,4,,NA,NA,early,165,29.45,1.12,1.41,NA,3020,0.1,NA,759
SS903,3,epi,2014-06-27 00:00:00,0.82,7.82,2,2,2,,17.59,NA,early,165,20.41,1,1.51,NA,1540,0.1,NA,447
SS903,8,meta,2014-06-27 00:00:00,0.98,NA,2,2,2,,17.59,NA,early,165,,,,NA,,0.1,NA,470
SS903,16,hypo,2014-06-27 00:00:00,1.23,NA,2,2,2,,17.59,NA,early,165,,,,NA,,0.1,NA,477
SS85,2,epi,2014-06-28 00:00:00,0.88,37,2,2,3,4,10.77,5.5,early,161,88.73,3.88,1.65,NA,3620,0.1,NA,1279
SS85,6,hypo,2014-06-28 00:00:00,1.4,NA,5,2,4,4,10.77,5.5,early,161,,,,NA,,0.1,NA,1819
SS1590,3,epi,2014-08-14 00:00:00,2.28,25.5,12,2,2,,9,5.8,late-summer,161,NA,NA,NA,NA,2000,0.1,NA,940
SS1590,8,hypo,2014-08-14 00:00:00,1.05,NA,5,12.4,16.3,,9,5.8,late-summer,161,,,,NA,,0.1,NA,959
SS1590,11,meta,2014-08-14 00:00:00,1.75,NA,6,2,2,,9,5.8,late-summer,161,,,,NA,,0.1,NA,1009
SS2,3,epi,2014-08-14 00:00:00,2.28,28,3,2,2,8,10.34,5.6,late-summer,161,127.86,6.17,1.28,NA,2700,0.1,NA,889
SS2,8,meta,2014-08-14 00:00:00,1.925,NA,2,2,2,8,10.34,5.6,late-summer,161,,,,NA,,0.1,NA,894
SS2,10,hypo,2014-08-14 00:00:00,1.75,NA,2,2,2,8,10.34,5.6,late-summer,161,,,,NA,,0.1,NA,968
Control,2,epi,2014-08-15 00:00:00,5.6,10.8,4,2,2,,7.71,4,late-summer,164,34.18,2.27,1.22,NA,560,0.1,NA,602
Control,4,hypo,2014-08-15 00:00:00,14.7,NA,8,2,27,,7.71,4,late-summer,164,,,,NA,,0.1,NA,860
Control,7,meta,2014-08-15 00:00:00,5.95,NA,3,2,2,,7.71,4,late-summer,164,,,,NA,,0.1,NA,658
SS16,2,epi,2014-08-15 00:00:00,5.6,11.1,4,2,2,,6.73,4,late-summer,164,47.63,3.96,1.15,NA,560,0.1,NA,546
SS16,5,meta,2014-08-15 00:00:00,4.55,NA,5,2,2,,6.73,4,late-summer,164,,,,NA,,0.1,NA,533
SS16,8,hypo,2014-08-15 00:00:00,4.55,NA,5,2,2,,6.73,4,late-summer,164,,,,NA,,0.1,NA,541
SS10,,epi,2014-08-16 00:00:00,1.28,4.4,2,2,2,,NA,NA,late-summer,164,10.96,0.51,1.03,NA,540,0.1,NA,278
SS15,2,epi,2014-08-16 00:00:00,1.82,6,2,2,2,,12.59,7.4,late-summer,164,22.7,1.68,1.24,NA,540,0.1,NA,313
SS15,11,meta,2014-08-16 00:00:00,2.1,NA,2,2,2,,12.59,7.4,late-summer,164,,,,NA,,0.1,NA,326
SS15,14,hypo,2014-08-16 00:00:00,2.45,NA,2,2,2,,12.59,7.4,late-summer,164,,,,NA,,0.1,NA,316
SS1341,3,epi,2014-08-17 00:00:00,0.933,18.8,2,2,2,,12.99,7.5,late-summer,161,41.74,1.51,1.39,NA,2700,0.1,NA,823
SS1381,,epi,2014-08-17 00:00:00,1.17,31.1,2,2,2,,13.32,8.3,late-summer,161,64.69,2.11,1.38,NA,3820,0.1,NA,1089
SS1381,,hypo,2014-08-17 00:00:00,2.8,NA,2,2,2,,13.32,8.3,late-summer,161,,,,NA,,0.1,NA,1319
SS1381,,meta,2014-08-17 00:00:00,1.28,NA,5,2,2,,13.32,8.3,late-summer,161,,,,NA,,0.1,NA,1119
SS8,2,epi,2014-08-17 00:00:00,3.27,40.3,3,2,2,,7.34,5.2,late-summer,161,133.96,6.31,1.27,NA,2740,0.1,NA,1359
SS8,5,meta,2014-08-17 00:00:00,3.5,NA,7,2,2,,7.34,5.2,late-summer,161,,,,NA,,0.1,NA,1359
SS8,7,hypo,2014-08-17 00:00:00,3.27,NA,4,2,2,,7.34,5.2,late-summer,161,,,,NA,,0.1,NA,1329
SS85,3,epi,2014-08-18 00:00:00,0.98,42.8,2,2,6.59,8,11.15,6.6,late-summer,161,103.48,3.61,1.26,NA,4240,0.1,NA,1449
SS85,10,hypo,2014-08-18 00:00:00,1.12,NA,2,2,8.53,8,11.15,6.6,late-summer,161,,,,NA,,0.1,NA,1459
SS85,,meta,2014-08-18 00:00:00,0.98,NA,2,2,6.58,8,11.15,6.6,late-summer,161,,,,NA,,0.1,NA,1419
SS903,,epi,2014-08-19 00:00:00,0.7,8,2,2,2,,18.8,13.7,late-summer,165,NA,NA,NA,NA,1600,0.1,NA,433
SS903,,hypo,2014-08-19 00:00:00,1.09,NA,2,2,2,,18.8,13.7,late-summer,165,,,,NA,,0.1,NA,443
SS903,,meta,2014-08-19 00:00:00,1.01,NA,4,2,2,,18.8,13.7,late-summer,165,,,,NA,,0.1,NA,423
SS901,,epi,2014-08-20 00:00:00,0.96,8.2,2,2,2,,NA,7.6,late-summer,165,NA,NA,NA,NA,1260,0.1,NA,423
SS901,,hypo,2014-08-20 00:00:00,1.31,NA,3,2,2,,NA,8.6,late-summer,165,,,,NA,,0.1,NA,446
SS901,,meta,2014-08-20 00:00:00,1.575,NA,3,2,2,,NA,9.6,late-summer,165,,,,NA,,0.1,NA,460
SS906,,epi,2014-08-20 00:00:00,1.28,5.7,2,2,2,,NA,9.7,late-summer,165,NA,NA,NA,NA,460,0.1,NA,325
SS906,,hypo,2014-08-20 00:00:00,1.98,NA,3,2,2,,NA,10.7,late-summer,165,,,,NA,,0.1,NA,331
SS906,,meta,2014-08-20 00:00:00,1.98,NA,2,2,2,,NA,11.7,late-summer,165,,,,NA,,0.1,NA,319
SS1590,1,epi,2015-06-27 00:00:00,1.225,19,5,2,,,,6.1,early,168,76.52,4.53,1.26,NA,1720,0.1,NA,636
SS1590,7,hypo,2015-06-27 00:00:00,4.2,26,9,2,,,,6.1,early,168,105.09,6.28,1.23,NA,,0.1,NA,880
SS1590,4,meta,2015-06-27 00:00:00,1.866666667,NA,4,2,,,,6.1,early,168,,,,NA,,0.1,NA,695
SS2,2,epi,2015-06-27 00:00:00,1.58,23,3,2,12,4,9.66,6.4,early,168,75.25,3.76,1.41,NA,2540,0.1,NA,673
SS2,8,hypo,2015-06-27 00:00:00,2.8,28,6,2,11,4,9.66,6.4,early,168,92.32,4.44,1.3,NA,,0.1,NA,793
SS2,5,meta,2015-06-27 00:00:00,0.933,NA,2,2,9,4,9.66,6.4,early,168,,,,NA,,0.1,NA,685
SS1341,2,epi,2015-06-28 00:00:00,1.204301075,14.5,3,2,10,,,8.3,early,168,35.81,1.66,1.61,NA,2420,0.1,NA,578
SS1341,10,hypo,2015-06-28 00:00:00,1.283333333,20,4,5,37,,,8.3,early,168,48.93,1.99,1.48,NA,,0.1,NA,796
SS1341,5,meta,2015-06-28 00:00:00,0.819148936,NA,4,2,10,,,8.3,early,168,,,,NA,,0.1,NA,624
SS85,2,epi,2015-06-29 00:00:00,0.7,31,2,2,21,3,12.2,NA,early,168,79.34,2.79,1.43,NA,3440,0.1,NA,966
SS85,9,hypo,2015-06-29 00:00:00,1.75,53,4,4,57,3,12.2,NA,early,168,134.73,4.93,1.45,NA,,0.1,NA,1380
SS85,2,meta,2015-06-29 00:00:00,1.225,NA,2,2,31,3,12.2,NA,early,168,,,,NA,,0.1,NA,1300
SS903,19,hypo,2015-06-30 00:00:00,1.12,7.2,2,2,12,,,10.4,early,172,20.83,1.31,1.58,NA,,0.1,NA,367
SS903,3,epi,2015-06-30 00:00:00,1.4,7.4,3,2,12,,,10.4,early,172,21.02,1.41,1.88,NA,1540,0.1,NA,367
SS903,10,meta,2015-06-30 00:00:00,1.05,NA,5,2,6,,,10.4,early,172,,,,NA,,0.1,NA,363
SS901,2,epi,2015-07-01 00:00:00,0.933333333,7.3,3,2,6,,,6.9,early,172,29.63,3.04,1.74,NA,760,0.1,NA,371
SS901,9,hypo,2015-07-01 00:00:00,1.575,7.3,3,2,2,,,6.9,early,172,29.12,2.44,1.36,NA,,0.1,NA,369
SS901,5,meta,2015-07-01 00:00:00,1.225,NA,7,2,7,,,6.9,early,172,,,,NA,,0.1,NA,377
SS906,9,hypo,2015-07-01 00:00:00,3.78,4.9,7,2,6,3,9.67,7.1,early,172,23.24,2.37,1.25,NA,,0.1,NA,286
SS906,2,epi,2015-07-01 00:00:00,0.933333333,5.1,6,2,10,3,9.67,7.1,early,172,22.75,2.23,1.3,NA,480,0.1,NA,276
SS906,5,meta,2015-07-01 00:00:00,1.225,NA,2,2,8,3,9.67,7.1,early,172,,,,NA,,0.1,NA,280
SS32,2,epi,2015-07-03 00:00:00,1.68,5.2,3,2,7,,,6,early,172,29.42,3.32,1.26,NA,400,0.1,NA,272
SS32,8,hypo,2015-07-03 00:00:00,2.1,5.2,8,2,2,,,6,early,172,29.36,3.15,1.19,NA,,0.1,NA,271
SS32,5,meta,2015-07-03 00:00:00,1.866666667,NA,22,2,2,,,6,early,172,,,,NA,,0.1,NA,276
SS86,2,epi,2015-07-03 00:00:00,1.4,11.8,2,2,5,,,7.7,early,172,29.92,1.07,1.4,NA,3140,0.1,NA,543
SS86,9,hypo,2015-07-03 00:00:00,1.4,12.1,9,2,7,,,7.7,early,172,29.91,1.28,1.67,NA,,0.1,NA,550
SS86,5,meta,2015-07-03 00:00:00,1.4,NA,2,2,14,,,7.7,early,172,,,,NA,,0.1,NA,601
SS904,2,epi,2015-07-03 00:00:00,0.556818182,4.7,4,2,9,,,9,early,172,17.41,1.48,1.47,NA,580,0.1,NA,276
SS904,10,hypo,2015-07-03 00:00:00,1.1375,5,2,2,9,,,9,early,172,17.21,1.28,1.46,NA,,0.1,NA,277
SS904,5,meta,2015-07-03 00:00:00,0.843373494,NA,5,2,10,,,9,early,172,,,,NA,,0.1,NA,277
SS905,2,epi,2015-07-03 00:00:00,0.477272727,4.2,5,2,12,,,8.5,early,172,16.85,1.54,1.24,NA,480,0.1,NA,237
SS905,9,hypo,2015-07-03 00:00:00,1.283333333,4.3,2,2,8,,,8.5,early,172,16.61,1.49,1.31,NA,,0.1,NA,242
SS905,5,meta,2015-07-03 00:00:00,0.7,NA,2,2,5,,,8.5,early,172,,,,NA,,0.1,NA,236
SS1381,2,epi,2015-07-05 00:00:00,0.583333333,23.7,9,2,9,,,9.9,early,168,56.89,1.91,1.58,NA,3600,0.1,NA,802
SS1381,12,hypo,2015-07-05 00:00:00,4.666666667,33.7,9,2,12,,,9.9,early,168,80.57,2.44,1.34,NA,,0.1,NA,1130
SS1381,6,meta,2015-07-05 00:00:00,1.12,NA,3,2,6,,,9.9,early,168,,,,NA,,0.1,NA,952
SS8,2,epi,2015-07-05 00:00:00,1.4,31.4,6,2,7,,,6.3,early,168,110.92,4.85,1.33,NA,2480,0.1,NA,1010
SS8,8,hypo,2015-07-05 00:00:00,4.2,47.8,17,2,13,,,6.3,early,168,168.68,7.56,1.29,NA,,0.1,NA,1410
SS8,5,meta,2015-07-05 00:00:00,1.4,NA,9,2,13,,,6.3,early,168,,,,NA,,0.1,NA,1070
SS1590,3,epi,2016-06-28 00:00:00,1.2,24.2,7,,,,,,mid-summer,139,88.09,4.3,1.29,NA,,0.1,NA,894
SS1590,13,hypo,2016-06-28 00:00:00,1.925,24.2,11,,,,,,mid-summer,139,88.67,4.56,1.2,NA,,0.1,NA,924
SS1590,7,meta,2016-06-28 00:00:00,1.925,NA,6,,,,,,mid-summer,139,,,,NA,,0.1,NA,899
SS2,9,hypo,2016-06-28 00:00:00,1.8,26.78,5,2,2,6,NA,NA,mid-summer,139,80.4,3.28,1.28,NA,,0.1,NA,847
SS2,3,epi,2016-06-28 00:00:00,1.2,26.84,6,2,2,6,NA,NA,mid-summer,139,79.94,3.08,1.35,NA,,0.1,NA,851
SS2,7,meta,2016-06-28 00:00:00,1.4,NA,5,2,4,6,NA,NA,mid-summer,139,,,,NA,,0.1,NA,854
SS85,3,epi,2016-06-30 00:00:00,0.8,42,5,2,4,7,NA,NA,mid-summer,139,96.51,2.08,1.27,NA,,0.1,NA,1334
SS85,10,hypo,2016-06-30 00:00:00,2.8,42,6,2,8,7,NA,NA,mid-summer,139,98.1,3.05,1.39,NA,,0.1,NA,1344
SS85,8,meta,2016-06-30 00:00:00,0.9,NA,6,2,9,7,NA,NA,mid-summer,139,,,,NA,,0.1,NA,1344
SS1341,10,hypo,2016-07-01 00:00:00,1.75,18,5,,,,,,mid-summer,139,39.59,1.19,1.38,NA,,0.1,NA,753
SS1341,3,epi,2016-07-01 00:00:00,0.93,18.3,4,,,,,,mid-summer,139,39.33,1.38,1.69,NA,,0.1,NA,725
SS1341,7,meta,2016-07-01 00:00:00,1.283,NA,3,,,,,,mid-summer,139,,,,NA,,0.1,NA,734
SS1381,12,hypo,2016-07-01 00:00:00,2.625,31,5,,,,,,mid-summer,139,66.83,2.15,1.48,NA,,0.1,NA,1054
SS1381,3,epi,2016-07-01 00:00:00,1.05,31.4,5,,,,,,mid-summer,139,65.59,2.07,1.24,NA,,0.1,NA,1074
SS1381,7,meta,2016-07-01 00:00:00,1.2,NA,5,,,,,,mid-summer,139,,,,NA,,0.1,NA,1064
SS8,8,hypo,2016-07-01 00:00:00,1.925,38.2,13,,,,,,mid-summer,139,122.2,5.11,1.3,NA,,0.1,NA,1274
SS8,2,epi,2016-07-01 00:00:00,1.925,38.25,19,,,,,,mid-summer,139,121.54,4.85,1.32,NA,,0.1,NA,1334
SS8,4,meta,2016-07-01 00:00:00,2.1,NA,12,,,,,,mid-summer,139,,,,NA,,0.1,NA,1254
SS903,19,hypo,2016-07-02 00:00:00,1.4,7.5,5,,,,,,mid-summer,144,19.65,0.98,1.78,NA,,0.1,NA,396
SS903,3,epi,2016-07-02 00:00:00,0.7,7.63,4,,,,,,mid-summer,144,19.45,0.78,1.5,NA,,0.1,NA,407
SS903,10,meta,2016-07-02 00:00:00,0.93,NA,3,,,,,,mid-summer,144,,,,NA,,0.1,NA,394
SS18,2,epi,2016-07-03 00:00:00,3.3,19.11,6,2,2,4,NA,NA,mid-summer,139,79.32,4.67,1.15,NA,,0.1,NA,717
SS18,8,hypo,2016-07-03 00:00:00,8.8,19.33,10,2,2,4,NA,NA,mid-summer,139,82.16,4.94,1.11,NA,,0.1,NA,767
SS18,4,meta,2016-07-03 00:00:00,3,NA,6,2,4,4,NA,NA,mid-summer,139,,,,NA,,0.1,NA,733
SS901,11,hypo,2016-07-06 00:00:00,1.8,7.5,6,2,2,7,NA,NA,mid-summer,144,27.05,1.92,1.41,NA,,0.1,NA,396
SS901,3,epi,2016-07-06 00:00:00,0.8,7.7,7,2,2,7,NA,NA,mid-summer,144,27.06,1.7,1.35,NA,,0.1,NA,426
SS901,8,meta,2016-07-06 00:00:00,0.9,NA,5,4,2,7,NA,NA,mid-summer,144,,,,NA,,0.1,NA,396
SS906,10,hypo,2016-07-06 00:00:00,1.5,5.1,8,2,2,6,NA,NA,mid-summer,144,21.47,1.76,1.23,NA,,0.1,NA,300
SS906,3,epi,2016-07-06 00:00:00,0.8,5.3,4,2,2,6,NA,NA,mid-summer,144,21.55,1.71,1.41,NA,,0.1,NA,300
SS906,7,meta,2016-07-06 00:00:00,1.5,NA,5,2,2,6,NA,NA,mid-summer,144,,,,NA,,0.1,NA,304
SS909,10,hypo,2016-07-06 00:00:00,3.08,9.94,8,,,,,,mid-summer,144,46.2,3.77,1.16,NA,,0.1,NA,526
SS909,3,epi,2016-07-06 00:00:00,1.05,10.26,8,,,,,,mid-summer,144,45.8,3.52,1.22,NA,,0.1,NA,516
SS909,7,meta,2016-07-06 00:00:00,1.4,NA,6,,,,,,mid-summer,144,,,,NA,,0.1,NA,546
SS904,14,hypo,2016-07-08 00:00:00,1.68,5.12,5,,,,,,mid-summer,144,16.08,0.94,1.19,NA,,0.1,NA,305
SS904,3,epi,2016-07-08 00:00:00,0.61,5.3,3,,,,,,mid-summer,144,15.96,1.1,1.56,NA,,0.1,NA,308
SS904,7,meta,2016-07-08 00:00:00,0.61,NA,4,,,,,,mid-summer,144,,,,NA,,0.1,NA,307
SS905,11,hypo,2016-07-08 00:00:00,1.26,4.3,4,,,,,,mid-summer,144,15.51,1.25,1.24,NA,,0.1,NA,255
SS905,3,epi,2016-07-08 00:00:00,0.61,4.43,4,,,,,,mid-summer,144,15.08,1.02,1.34,NA,,0.1,NA,264
SS905,7,meta,2016-07-08 00:00:00,0.82,NA,5,,,,,,mid-summer,144,,,,NA,,0.1,NA,266
SS85,10,hypo,2016-07-15 00:00:00,3.5,42,9,2,14,NA,NA,NA,late-summer,139,98.27,3.44,1.58,NA,,0.1,NA,1364
SS85,3,epi,2016-07-15 00:00:00,0.6,43,9,4.2,9,NA,NA,NA,late-summer,139,97.24,3.17,1.65,NA,,0.1,NA,1374
SS85,8,meta,2016-07-15 00:00:00,1.56,NA,6,8.1,10,NA,NA,NA,late-summer,139,,,,NA,,0.1,NA,1334
SS1590,3,epi,2016-07-16 00:00:00,1.2,25,10,,,,,,late-summer,139,87.7,4.09,1.19,NA,,0.1,NA,948
SS1590,13,hypo,2016-07-16 00:00:00,1.26,27,8,,,,,,late-summer,139,88.88,4.62,1.21,NA,,0.1,NA,908
SS1590,6,meta,2016-07-16 00:00:00,1.82,NA,6,,,,,,late-summer,139,,,,NA,,0.1,NA,914
SS2,9,hypo,2016-07-16 00:00:00,1.1,27,7,2,5,6,NA,NA,late-summer,139,80.36,3.17,1.25,NA,,0.1,NA,869
SS2,3,epi,2016-07-16 00:00:00,1.1,27.5,8,2,4,6,NA,NA,late-summer,139,80.41,3.06,1.26,NA,,0.1,NA,877
SS2,7,meta,2016-07-16 00:00:00,1.5,NA,6,2,2,6,NA,NA,late-summer,139,,,,NA,,0.1,NA,895
SS1381,12,hypo,2016-07-17 00:00:00,2.8,31,6,,,,,,late-summer,139,66.85,1.92,1.39,NA,,0.1,NA,1074
SS1381,3,epi,2016-07-17 00:00:00,0.56,32,6,,,,,,late-summer,139,65.59,1.4,1.14,NA,,0.1,NA,1114
SS1381,8,meta,2016-07-17 00:00:00,1.75,NA,6,,,,,,late-summer,139,,,,NA,,0.1,NA,1074
SS8,8,hypo,2016-07-17 00:00:00,2.3,39,15,,,,,,late-summer,139,120.78,4.76,1.27,NA,,0.1,NA,1314
SS8,2,epi,2016-07-17 00:00:00,2.3,41,10,,,,,,late-summer,139,120.14,4.66,1.36,NA,,0.1,NA,1304
SS8,6,meta,2016-07-17 00:00:00,2.8,NA,13,,,,,,late-summer,139,,,,NA,,0.1,NA,1304
SS1590,2,epi,2017-06-22 00:00:00,2.28,23,9,2,9,2,7.84,6.55,early,155,84.92,5.29,1.28,NA,1980,0.1,NA,793
SS1590,12,hypo,2017-06-22 00:00:00,4.9,28.5,8,3.92,13,2,7.84,6.55,early,155,97.17,4.55,1.25,NA,NA,0.1,NA,967
SS1590,7,meta,2017-06-22 00:00:00,4.67,NA,7,2,12,2,7.84,6.55,early,155,,,,NA,NA,0.1,NA,949
SS2,3,epi,2017-06-22 00:00:00,1.58,27.1,6,2,5,4,8.79,7.6,early,155,82.69,4.45,1.4,NA,2720,0.1,NA,819
SS2,9,hypo,2017-06-22 00:00:00,3.15,29.3,9,2,7,4,8.79,7.6,early,155,85.17,4.23,1.42,NA,NA,0.1,NA,859
SS2,7,meta,2017-06-22 00:00:00,3.33,NA,8,2,5,4,8.79,7.6,early,155,,,,NA,NA,0.1,NA,884
SS85,2,epi,2017-06-23 00:00:00,1.23,38.3,6,2,31,2.5,8.79,7.6,early,155,90.57,3.77,1.42,NA,4046,0.1,NA,1131
SS85,8,hypo,2017-06-23 00:00:00,2.98,58.2,7,2,95,2.5,8.79,7.6,early,155,122.38,3.24,1.45,NA,NA,0.1,NA,1312
SS85,5,meta,2017-06-23 00:00:00,1.75,NA,6,2,56,2.5,8.79,7.6,early,155,,,,NA,NA,0.1,NA,1252
SS18,2,epi,2017-06-24 00:00:00,2.63,19,6,2,5,3.5,7.26,5.9,early,155,76.45,4.84,1.16,NA,1388,0.1,NA,658
SS18,8,hypo,2017-06-24 00:00:00,10.5,22,26,3.46,9,3.5,7.26,5.9,early,155,85.72,4.6,1.13,NA,NA,0.1,NA,923
SS18,5,meta,2017-06-24 00:00:00,3.68,NA,6,3.88,6,3.5,7.26,5.9,early,155,,,,NA,NA,0.1,NA,688
SS903,3,epi,2017-06-24 00:00:00,1.05,7.5,5,2,5.4,not,15.5,10.9,early,160,21.22,1.27,1.38,NA,1608,0.1,NA,375
SS903,13,hypo,2017-06-24 00:00:00,2.63,7.7,5,2,6,not,15.5,10.9,early,160,20.49,0.92,1.39,NA,NA,0.1,NA,387
SS903,9,meta,2017-06-24 00:00:00,1.4,NA,5,2,7,not,15.5,10.9,early,160,,,,NA,NA,0.1,NA,373
SS904,3,epi,2017-06-25 00:00:00,1,5.3,4,3.7,10,3,13.71,NA,early,160,17.4,1.26,1.32,NA,632,0.1,NA,300
SS904,13,hypo,2017-06-25 00:00:00,3.15,5.4,6,2,9,3,13.71,NA,early,160,17.16,1.13,1.31,NA,NA,0.1,NA,305
SS904,6,meta,2017-06-25 00:00:00,0.96,NA,5,2,11,3,13.71,NA,early,160,,,,NA,NA,0.1,NA,304
SS905,3,epi,2017-06-25 00:00:00,0.8,4.5,5,2,6,4,12.08,NA,early,160,17.74,1.91,1.46,NA,512,0.1,NA,219
SS905,10,hypo,2017-06-25 00:00:00,1.82,4.5,7,2,7,4,12.08,NA,early,160,19.09,2.55,1.61,NA,NA,0.1,NA,273
SS905,5,meta,2017-06-25 00:00:00,1,NA,16,5.18,10,4,12.08,NA,early,160,,,,NA,NA,0.1,NA,222
SS901,3,epi,2017-06-26 00:00:00,1.17,7.6,6,2,9,4,10.35,8.4,early,160,28.66,2.19,1.36,NA,796,0.1,NA,290
SS901,9,hypo,2017-06-26 00:00:00,2.98,7.8,7,3.29,6,4,10.35,8.4,early,160,28.48,2.11,1.34,NA,NA,0.1,NA,298
SS901,6,meta,2017-06-26 00:00:00,1.75,NA,7,2,9,4,10.35,8.4,early,160,,,,NA,NA,0.1,NA,305
SS906,9,hypo,2017-06-26 00:00:00,4.48,5.22,7,2,3,3,9.9,7.6,early,160,23.43,2.32,1.26,NA,NA,0.1,NA,395
SS906,3,epi,2017-06-26 00:00:00,1.52,5.4,6,2,4,3,9.9,7.6,early,160,23.49,2.17,1.26,NA,504,0.1,NA,375
SS906,6,meta,2017-06-26 00:00:00,1.98,NA,5,7.68,8,3,9.9,7.6,early,160,,,,NA,NA,0.1,NA,254
SS1381,2,epi,2017-06-27 00:00:00,0.78,30,7,2,9,4,7.84,9.75,early,155,65.89,2.98,1.81,NA,4017,0.1,NA,969
SS1381,10,hypo,2017-06-27 00:00:00,4.2,37,8,3.35,8,4,7.84,9.75,early,155,73.72,1.86,1.65,NA,NA,0.1,NA,1151
SS1381,6,meta,2017-06-27 00:00:00,1.83,NA,6,2,14,4,7.84,9.75,early,155,,,,NA,NA,0.1,NA,1011
SS8,2,epi,2017-06-27 00:00:00,3.22,37.46,20,3.25,9.8,2,7.84,6.55,early,155,117.75,5.47,1.31,NA,2742,0.1,NA,1131
SS8,8,hypo,2017-06-27 00:00:00,5.95,48.73,21,2,9,2,7.84,6.55,early,155,144.68,5.6,1.34,NA,NA,0.1,NA,1431
SS8,5,meta,2017-06-27 00:00:00,1.68,NA,16,2,11,2,7.84,6.55,early,155,,,,NA,NA,0.1,NA,1141
SS1590,1,epi,2018-06-27 00:00:00,2.545,23.07,8,2,12.7,2,6.04,4.3,early,161,95.91,8.35,1.27,NA,1894,0.1,NA,766
SS1590,10,hypo,2018-06-27 00:00:00,2.45,28.39,7,2,42.9,2,6.04,4.3,early,161,96.61,5.19,1.3,NA,,0.1,NA,951
SS1590,4,meta,2018-06-27 00:00:00,3.578,NA,8,2,12.1,2,6.04,4.3,early,161,,,,NA,,0.5,NA,820
SS2,2,epi,2018-06-27 00:00:00,1.225,25.95,6,2,10,4,7.34,5.75,early,161,80.34,1.79,0.47,NA,2752,0.1,NA,757
SS2,8,hypo,2018-06-27 00:00:00,1.867,31.05,7,2,74,4,7.34,5.75,early,161,88.04,3.9,1.39,NA,,0.1,NA,896
SS2,5,meta,2018-06-27 00:00:00,6.8,NA,9,2,10,4,7.34,5.75,early,161,,,,NA,,0.1,NA,828
SS18,2,epi,2018-06-28 00:00:00,3.675,19,7,2,11,4,5.79,3.9,early,161,85.01,7.22,1.18,NA,1344,1.3,NA,657
SS18,8,hypo,2018-06-28 00:00:00,9.8,21.5,15,2,38,4,5.79,3.9,early,161,85.64,5.31,1.25,NA,,0.5,NA,250
SS18,4,meta,2018-06-28 00:00:00,2.88,NA,7,2,12,4,5.79,3.9,early,161,,,,NA,,0.1,NA,651
SS903,3,epi,2018-06-29 00:00:00,1.508,7.51,4,2,8.4,not,16.82,9.4,early,169,19.79,1.46,1.82,NA,1671,0.1,NA,367
SS903,20,hypo,2018-06-29 00:00:00,2.45,7.81,5,2,16.7,not,16.82,9.4,early,169,20.08,1.05,1.57,NA,,0.1,NA,395
SS903,11,meta,2018-06-29 00:00:00,1.517,NA,5,2,13,not,16.82,9.4,early,169,,,,NA,,0.1,NA,374
SS85,2,epi,2018-06-30 00:00:00,1.018,39.5,5,2,38,3,9.88,5.65,early,161,92.34,4,1.5,NA,4153,0.1,NA,1101
SS85,8,hypo,2018-06-30 00:00:00,3.08,58,6,2,164,3,9.88,5.65,early,161,123.61,3.44,1.41,NA,,0.1,NA,1569
SS85,4,meta,2018-06-30 00:00:00,1.867,NA,6,2,71,3,9.88,5.65,early,161,,,,NA,,0.1,NA,1391
SS1381,3,epi,2018-07-02 00:00:00,0.933,30.38,6,2,14.5,6,11.31,7.9,early,161,63.47,2.24,1.35,NA,4209,0.1,NA,928
SS1381,10,hypo,2018-07-02 00:00:00,5.367,37.17,6,2,27.2,6,11.31,7.9,early,161,74.46,2.03,1.48,NA,,0.1,NA,1121
SS1381,7,meta,2018-07-02 00:00:00,2.178,NA,6,2,11.9,6,11.31,7.9,early,161,,,,NA,,1,NA,1031
SS8,2,epi,2018-07-02 00:00:00,1.587,38.66,11,2,12.8,4,7.87,6.35,early,161,121.92,6.16,1.35,NA,3077,0.1,NA,1091
SS8,8,hypo,2018-07-02 00:00:00,7.84,49.63,11,2,16.7,4,7.87,6.35,early,161,148.18,5.7,1.35,NA,,0.1,NA,1331
SS8,5,meta,2018-07-02 00:00:00,1.12,NA,12,2,14.6,4,7.87,6.35,early,161,,,,NA,,0.1,NA,1081
SS901,11,hypo,2018-07-04 00:00:00,2.45,7.56,7,2,9,not,10.19,5.85,early,169,30.45,4.06,2.04,NA,,1.5,NA,391
SS901,2,epi,2018-07-04 00:00:00,1.4,7.62,6,2,17,not,10.19,5.85,early,169,28.61,2.29,1.34,NA,799,2.2,NA,391
SS901,5,meta,2018-07-04 00:00:00,2.1,NA,6,2,12,not,10.19,5.85,early,169,,,,NA,,3.3,NA,383
SS906,2,epi,2018-07-04 00:00:00,1.4,5,7,2,12,not,9.89,6.15,early,169,22.36,2.03,1.27,NA,495,1.9,NA,288
SS906,11,hypo,2018-07-04 00:00:00,2.8,5,6,2,9,not,9.89,6.15,early,169,22.15,1.94,1.27,NA,,0.7,NA,291
SS906,6,meta,2018-07-04 00:00:00,1.633,NA,6,2,12,not,9.89,6.15,early,169,,,,NA,,0.7,NA,294
SS909,2,epi,2018-07-04 00:00:00,0.467,9.5,7,2,11.2,2,7.94,5.5,early,169,44.79,3.99,1.18,NA,640,0.5,NA,447
SS909,11,hypo,2018-07-04 00:00:00,2.45,11.2,7,37.5,47.3,2,7.94,5.5,early,169,47.74,3.82,1.24,NA,,0.1,NA,571
SS909,6,meta,2018-07-04 00:00:00,2.975,NA,8,2,12.5,2,7.94,5.5,early,169,,,,NA,,0.1,NA,471
SS904,10,hypo,2018-07-06 00:00:00,2.8,5.21,7,2,13.1,not,13.53,7.55,early,169,18.19,1.99,1.83,NA,,0.1,NA,296
SS904,2,epi,2018-07-06 00:00:00,0.98,5.35,5,2,17.3,not,13.53,7.55,early,169,16.64,1.23,1.46,NA,655,1.6,NA,301
SS904,5,meta,2018-07-06 00:00:00,1.633,NA,4,2,12.9,not,13.53,7.55,early,169,,,,NA,,0.1,NA,290
SS905,12,hypo,2018-07-06 00:00:00,3.5,4.39,6,2,10,not,12.51,8.7,early,169,16.43,1.4,1.35,NA,,0.1,NA,250
SS905,2,epi,2018-07-06 00:00:00,0.525,4.45,5,2,13,not,12.51,8.7,early,169,16.54,1.35,1.21,NA,518,0.1,NA,261
SS905,5,meta,2018-07-06 00:00:00,0.9,NA,7,2,30,not,12.51,8.7,early,169,,,,NA,,0.1,NA,244
SS2,2,epi,2019-04-22 00:00:00,0.2,31.57,6,6,36,not,NA,NA,under-ice,141,117.8665053,8.798506575,1.644753686,NA,,0.1,251.5,878
SS2,8,hypo,2019-04-22 00:00:00,0.14,32.14,5,6,106,not,NA,NA,under-ice,141,110.3386716,7.830109584,1.7114124,NA,,0.2,371.7,935
SS2,5,meta,2019-04-22 00:00:00,0.233,32.29,5,4,31,not,NA,NA,under-ice,141,111.8190597,7.909061652,1.757347647,NA,,0.6,270.8,880
SS2,2,epi,2019-04-22 00:00:00,0.2,NA,NA,NA,NA,NA,NA,NA,under-ice,141,NA,NA,NA,NA,NA,NA,NA,NA
SS2,5,meta,2019-04-22 00:00:00,0.233,NA,NA,NA,NA,NA,NA,NA,under-ice,141,NA,NA,NA,NA,NA,NA,NA,NA
SS2,8,hypo,2019-04-22 00:00:00,0.14,NA,NA,NA,NA,NA,NA,NA,under-ice,141,NA,NA,NA,NA,NA,NA,NA,NA
SS901,10,hypo,2019-04-23 00:00:00,1.05,8.614,5,3,15,not,NA,NA,under-ice,145,33.11894977,2.868378278,1.539938959,,,0.1,898.7,443
SS901,5,meta,2019-04-23 00:00:00,1.225,8.618,5,2,13,not,NA,NA,under-ice,145,34.47392838,3.362690859,1.626270457,,,0.1,847,439
SS901,2,epi,2019-04-23 00:00:00,1.05,8.717,6,3,18,not,NA,NA,under-ice,145,34.66275115,3.364909477,1.611070055,,,0.1,860.3,442
SS901,2,epi,2019-04-23 00:00:00,1.225,NA,NA,NA,NA,NA,NA,NA,under-ice,145,NA,NA,NA,NA,NA,NA,NA,NA
SS901,5,meta,2019-04-23 00:00:00,1.225,NA,NA,NA,NA,NA,NA,NA,under-ice,145,NA,NA,NA,NA,NA,NA,NA,NA
SS901,10,hypo,2019-04-23 00:00:00,0.963,NA,NA,NA,NA,NA,NA,NA,under-ice,145,NA,NA,NA,NA,NA,NA,NA,NA
SS18,2,epi,2019-04-27 00:00:00,3.675,22.49,8,6,17,not,NA,NA,under-ice,136,129.3078267,15.20817332,1.448084526,,,0.1,1643.1,757
SS18,4,meta,2019-04-27 00:00:00,3.733,22.57,8,6,20,not,NA,NA,under-ice,136,130.6353686,12.64453705,1.219792128,,,0.6,1761.6,779
SS18,8,hypo,2019-04-27 00:00:00,1.75,22.83,11,3,169,not,NA,NA,under-ice,136,136.2094591,17.38010618,1.44264064,,,0.1,2534.9,893
SS18,2,epi,2019-04-27 00:00:00,3.5,NA,NA,NA,NA,NA,NA,NA,under-ice,136,NA,NA,NA,NA,NA,NA,NA,NA
SS18,4,meta,2019-04-27 00:00:00,3.267,NA,NA,NA,NA,NA,NA,NA,under-ice,136,NA,NA,NA,NA,NA,NA,NA,NA
SS18,8,hypo,2019-04-27 00:00:00,0.7,NA,NA,NA,NA,NA,NA,NA,under-ice,136,NA,NA,NA,NA,NA,NA,NA,NA
SS2,8,hypo,2019-04-28 00:00:00,0,31.84,5,4,120,not,NA,NA,under-ice,141,129.1309532,13.85114961,2.063286511,,,0.5,388.8,952
SS2,2,epi,2019-04-28 00:00:00,0.117,31.93,5,4,35,not,NA,NA,under-ice,141,118.3607542,10.77406841,2.071172432,,,0.3,271.7,902
SS2,5,meta,2019-04-28 00:00:00,0.42,32.12,5,3,31,not,NA,NA,under-ice,141,135.1241723,15.88867672,2.06836716,,,0.3,352.7,896
SS901,5,meta,2019-04-29 00:00:00,1.4,8.526,5,2,14,not,NA,NA,under-ice,145,33.63651926,2.987169575,1.538406091,,,0.5,915.2,434
SS901,2,epi,2019-04-29 00:00:00,1.225,8.528,4,3,16,not,NA,NA,under-ice,145,32.60861095,2.747898561,1.534221933,,,0.1,879.6,420
SS901,10,hypo,2019-04-29 00:00:00,1.167,8.532,5,3,12,not,NA,NA,under-ice,145,33.63855256,3.000537914,1.559398087,,,0.2,902.4,430
SS18,2,epi,2019-05-16 00:00:00,2.1,17.39,10,2,9,not,NA,2.65,early,136,103.1520522,11.60628532,1.186225613,,,0.1,1178.7,629
SS18,4,meta,2019-05-16 00:00:00,4.2,19.79,8,2,7,not,NA,2.65,early,136,112.8256776,13.03040855,1.327408751,,,0.1,1611.5,689
SS18,8,hypo,2019-05-16 00:00:00,2.1,22.75,17,2,154,not,NA,2.65,early,136,140.3176195,17.67919239,1.396929423,,,0.3,2464.5,921
SS2,2,epi,2019-05-20 00:00:00,0.933,19.94,13,2,6,not,NA,5.35,early,141,94.39516442,11.82794806,1.726389728,,,0.1,183.9,616
SS2,5,meta,2019-05-20 00:00:00,1.575,30.48,7,2,5,not,NA,5.35,early,141,119.450892,11.65783165,2.014386671,,,0.1,280.5,897
SS2,8,hypo,2019-05-20 00:00:00,0.933,31.92,6,3,69,not,NA,5.35,early,141,122.980113,12.04972404,2.051356484,,,0.1,349,943
SS18,2,epi,2019-05-21 00:00:00,1.633,17.8,9,2,5,2,NA,2.95,early,136,119.433131,16.09718378,1.365914285,,,0.1,1285.5,623
SS18,4,meta,2019-05-21 00:00:00,2.8,18.17,10,2,9,2,NA,2.95,early,136,112.4809715,13.56986186,1.343983151,,,0.7,1415,653
SS18,8,hypo,2019-05-21 00:00:00,2.8,22.38,14,3,139,2,NA,2.95,early,136,136.1040634,16.90156074,1.266052561,,,0.8,2537.4,909
SS85,2,epi,2019-05-21 00:00:00,0.7,42.5,7,3,91,not,NA,8.45,early,137,119.2136575,7.880070567,1.926116504,,,0.1,157.7,1353
SS85,5,meta,2019-05-21 00:00:00,0.933,55.64,6,2,140,not,NA,8.45,early,137,147.9810665,9.815070973,2.31510479,,,0.1,177.9,1743
SS85,8,hypo,2019-05-21 00:00:00,0.7,57.79,7,3,190,not,NA,8.45,early,137,169.2213403,15.71184098,2.507362914,,,0.1,207.4,1833
SS18,2,epi,2019-05-24 00:00:00,2.1,17.75,10,2,10,2.5,NA,2.92,early,136,116.849582,15.91440289,1.404274294,,,0.3,1216.4,637
SS18,4,meta,2019-05-24 00:00:00,4.55,18.43,11,2,6,2.5,NA,2.92,early,136,122.5103254,17.2504192,1.425714572,,,0.2,1344.3,643
SS18,8,hypo,2019-05-24 00:00:00,3.5,22.92,19,2,274,2.5,NA,2.92,early,136,177.1449354,27.73491394,1.05600145,,,0.2,2901.5,1043
SS901,10,hypo,2019-05-25 00:00:00,1.4,7.607,6,2,8,not,NA,5.3,early,145,29.83260819,2.552558907,1.438714526,,,0.1,873.4,383
SS901,5,meta,2019-05-25 00:00:00,0.613,7.686,6,2,5,not,NA,5.3,early,145,29.90248693,2.653422799,1.466260997,,,0.1,868.4,399
SS901,2,epi,2019-05-25 00:00:00,1.225,7.7,6,2,6,not,NA,5.3,early,145,30.99852725,2.922507046,1.570042568,,,0.1,831.4,398
SS906,10,hypo,2019-05-25 00:00:00,1.575,5.157,5,3,8,not,NA,5.85,early,145,25.36270329,3.079970618,1.474251775,,,0.1,526.5,279
SS906,5,meta,2019-05-25 00:00:00,1.225,5.183,5,2,6,not,NA,5.85,early,145,24.00236085,2.437904558,1.328060176,,,0.1,412.5,274
SS906,2,epi,2019-05-25 00:00:00,0.98,5.23,5,2,7,not,NA,5.85,early,145,27.09621968,3.847610815,1.604326765,,,0.1,401.3,274
SS2,2,epi,2019-05-27 00:00:00,0.933,25.14,8,2,5,2.5,NA,5.45,early,141,97.94326007,7.969932291,1.560120899,,,0.1,201.7,729
SS2,5,meta,2019-05-27 00:00:00,3.733,28.35,9,2,7,2.5,NA,5.45,early,141,108.741922,8.12964875,1.400862066,,,0.1,246.2,840
SS2,8,hypo,2019-05-27 00:00:00,3.5,30.36,9,2,14,2.5,NA,5.45,early,141,105.8646847,6.961427081,1.530968903,,,0.2,304.4,907
SS85,2,epi,2019-05-27 00:00:00,1.75,33.7,8,2,48,2,NA,6.6,early,137,120.9456248,14.06439419,2.05745563,,,0.1,151.4,1103
SS85,5,meta,2019-05-27 00:00:00,0.42,55.92,6,2,123,2,NA,6.6,early,137,164.5747644,15.12589933,2.401226613,,,0.1,171.1,1773
SS85,8,hypo,2019-05-27 00:00:00,1.225,57.45,8,3,149,2,NA,6.6,early,137,174.294217,16.00409463,2.266671173,,,0.4,181.2,1773
SS18,2,epi,2019-05-29 00:00:00,2.935,17.94,9,2,8,2.5,NA,2.93,early,136,117.6590172,15.90426716,1.43019013,,,0.1,1150.1,654
SS18,4,meta,2019-05-29 00:00:00,3.5,18.35,10,2,6,2.5,NA,2.93,early,136,100.6334694,8.528751165,1.00961931,,,0.1,1411.6,644
SS18,8,hypo,2019-05-29 00:00:00,3.733,22.45,17,2,124,2.5,NA,2.93,early,136,123.3162877,12.91933145,1.332127989,,,0.1,2622.7,919
SS901,10,hypo,2019-05-30 00:00:00,1.4,7.488,7,2,5,2.5,NA,7.6,early,145,28.86318699,2.026037719,1.210835271,,,0.2,867.8,382
SS901,5,meta,2019-05-30 00:00:00,0.7,7.515,7,2,6,2.5,NA,7.6,early,145,31.61338307,3.161951407,1.521461112,,,0.1,877.2,389
SS901,2,epi,2019-05-30 00:00:00,0.35,7.544,6,2,5,2.5,NA,7.6,early,145,30.62766282,2.804252809,1.470230657,,,0.1,825,372
SS906,2,epi,2019-05-30 00:00:00,0.35,5.087,7,2,5,2,NA,6.7,early,145,24.24660616,2.61375192,1.413100126,,,0.1,395,287
SS906,10,hypo,2019-05-30 00:00:00,1.633,5.125,6,3,8,2,NA,6.7,early,145,23.99381411,2.611243331,1.415142282,,,0.1,476,274
SS906,5,meta,2019-05-30 00:00:00,0.875,5.139,6,2,5,2,NA,6.7,early,145,24.09135266,2.310096349,1.283260604,,,0.1,390.4,272
SS2,2,epi,2019-05-31 00:00:00,1.05,25.4,9,2,5,3,NA,5.1,early,141,99.68917522,9.409475709,1.887569489,,,0.1,161,771
SS2,5,meta,2019-05-31 00:00:00,1.75,28.04,8,2,7,3,NA,5.1,early,141,106.7521286,9.01497858,1.631496057,,,0.1,268.9,809
SS2,10,hypo,2019-05-31 00:00:00,3.15,30.78,9,2,8,3,NA,5.1,early,141,120.2500029,11.80399647,2.05639697,,,0.1,437.7,885
SS85,2,epi,2019-05-31 00:00:00,0.35,34.55,8,2,38,2.5,NA,6.6,early,137,129.6114805,16.19871008,2.073081329,,,0.1,128.1,1093
SS85,5,meta,2019-05-31 00:00:00,0.933,55.04,6,3,101,2.5,NA,6.6,early,137,166.8343317,14.80218185,2.161296336,,,0.1,138.8,1703
SS85,8,hypo,2019-05-31 00:00:00,2.45,57.33,8,2,135,2.5,NA,6.6,early,137,177.9770201,18.83769379,2.423993017,,,0.1,250.9,1753
SS2,5,meta,2019-06-24 00:00:00,0.98,26.64,8,2,8,5,NA,6.7,mid-summer,136,88.16,1.94,0.53,,,0.1,132.1,842
SS2,2,epi,2019-06-24 00:00:00,0.84,26.82,6,2,9,5,NA,6.7,mid-summer,136,89.15,3.92,1.27,,2904,0.1,117.9,813
SS2,8,hypo,2019-06-24 00:00:00,2.1,29.56,6,2,12,5,NA,6.7,mid-summer,136,97.1,4.06,1.26,,,0.1,227.7,894
SS85,2,epi,2019-06-24 00:00:00,0.7,40.02,7,3,22,5,NA,8.6,mid-summer,137,101.9,2.26,0.92,,4633,0.1,88.3,1404
SS85,5,meta,2019-06-24 00:00:00,0.98,42.06,6,2,31,5,NA,8.6,mid-summer,137,107.16,3.01,1.3,,,0.1,73.6,1414
SS85,8,hypo,2019-06-24 00:00:00,2.45,53.52,8,3,81,5,NA,8.6,mid-summer,137,131.89,2.83,0.77,,,0.2,103.1,1774
SS18,2,epi,2019-06-25 00:00:00,2.1,17.83,7,2,10,4,NA,3.6,mid-summer,136,92.75,6.08,0.91,,1171,0.1,807.5,639
SS18,4,meta,2019-06-25 00:00:00,2.8,17.91,8,2,9,4,NA,3.6,mid-summer,136,93.5,6.7,1.01,,,0.4,,660
SS18,8,hypo,2019-06-25 00:00:00,12.6,22.27,26,2,149,4,NA,3.6,mid-summer,136,132.05,14.22,1.03,,,0.1,1812.2,1044
SS1590,2,epi,2019-06-29 00:00:00,1.575,23.8,8,2,9,3,8.1,5.1,mid-summer,136,108.11,8.21,1.34,,2005,0.2,244.2,882
SS1590,8,hypo,2019-06-29 00:00:00,1.166666667,27.6,8,5,29,3,8.1,5.1,mid-summer,136,126.99,10.9,1.48,,,0.1,,974
SS1590,4,meta,2019-06-29 00:00:00,1.4,NA,7,2,12,3,8.1,5.1,mid-summer,136,,,,,,0.2,,866
SS2,2,epi,2019-06-30 00:00:00,1.26,26.78,7,2,7,5,10.35,7.45,mid-summer,141,85.84,2.63,0.85,,,0.1,115.8,848
SS2,6,meta,2019-06-30 00:00:00,2.625,27.36,9,2,6,5,10.35,7.45,mid-summer,141,97.46,5.07,1.16,,,0.1,178.6,899
SS2,8,hypo,2019-06-30 00:00:00,1.68,29.23,6,2,10,5,10.35,7.45,mid-summer,141,121.8,13.32,1.91,,,0.1,289.8,905
SS85,2,epi,2019-07-01 00:00:00,0.583,40.75,6,2,21,6,11.68,8.85,mid-summer,137,107.59,3.77,1.46,,,0.1,75.4,1434
SS85,6,meta,2019-07-01 00:00:00,1.575,50.42,7,3,77,6,11.68,8.85,mid-summer,137,128.47,3.31,1.22,,,0.1,267.4,1774
SS85,9,hypo,2019-07-01 00:00:00,3.033,50.84,6,3,68,6,11.68,8.85,mid-summer,137,128.15,3,1.23,,,0.1,156.8,1744
SS1381,3,epi,2019-07-02 00:00:00,0.816666667,30.3,10,2,13,6,13.66,10.575,mid-summer,138,66.03,2.11,1.36,,4170,0.1,68.1,1034
SS1381,10,hypo,2019-07-02 00:00:00,2.275,36,6,2,16,6,13.66,10.575,mid-summer,138,83.1,3.07,1.88,,,0.2,,1174
SS1381,7,meta,2019-07-02 00:00:00,1.4,NA,7,2,15,6,13.66,10.575,mid-summer,138,,,,,,0.1,,1134
SS8,2,epi,2019-07-02 00:00:00,1.75,37.8,10,2,10,4,8.49,5.5,mid-summer,136,135.62,6.2,1.15,,2913,0.1,321.4,1234
SS8,8,hypo,2019-07-02 00:00:00,3.85,48.1,17,2,10,4,8.49,5.5,mid-summer,136,164.14,6.57,1.26,,,0.1,,1514
SS8,6,meta,2019-07-02 00:00:00,1.4,NA,22,2,23,4,8.49,5.5,mid-summer,136,,,,,,0.6,,1354
SS18,4,meta,2019-07-03 00:00:00,2.8,17.47,8,3,8,3,6.06,4.95,mid-summer,136,93.44,6.43,0.99,,,0.1,906.1,665
SS18,2,epi,2019-07-03 00:00:00,1.75,17.66,7,2,8,3,6.06,4.95,mid-summer,136,93.57,7.38,1.13,,,0.1,826.8,632
SS18,8,hypo,2019-07-03 00:00:00,10.5,21.49,26,2,34,3,6.06,4.95,mid-summer,136,117.82,10.31,1.12,,,0.2,1093,964
SS903,17,hypo,2019-07-03 00:00:00,1.05,7.3,7,2,8,8,19.4,12.275,mid-summer,148,18.71,0.56,0.9,,,0.1,,360
SS903,3,epi,2019-07-03 00:00:00,0.4,7.5,4,2,8,8,19.4,12.275,mid-summer,148,18.86,0.73,1.28,,1697,0.1,467.1,358
SS903,13,meta,2019-07-03 00:00:00,0.84,NA,4,2,7,8,19.4,12.275,mid-summer,148,,,,,,0.1,,379
SS901,8,meta,2019-07-04 00:00:00,0.891,6.963,6,2,5,7,13.39,8.55,mid-summer,145,27.02,1.69,1.08,,,0.1,746.9,384
SS901,11,hypo,2019-07-04 00:00:00,1.4,7.017,6,2,7,7,13.39,8.55,mid-summer,145,26.68,1.62,1.21,,,0.1,802.1,367
SS901,3,epi,2019-07-04 00:00:00,0.509,7.396,5,2,6,7,13.39,8.55,mid-summer,145,26.89,1.58,1.21,,805,0.1,714,375
SS906,12,hypo,2019-07-04 00:00:00,2.022,4.803,6,2,8,7,12.55,8.85,mid-summer,145,21.23,1.85,1.3,,,0.1,505.1,264
SS906,8,meta,2019-07-04 00:00:00,1.12,4.943,5,2,7,7,12.55,8.85,mid-summer,145,21.09,1.7,1.24,,,0.3,327.2,264
SS906,3,epi,2019-07-04 00:00:00,0.42,5.046,4,2,4,7,12.55,8.85,mid-summer,145,20.91,1.56,1.23,,498,0.1,321.7,274
SS909,2,epi,2019-07-04 00:00:00,0.7,9.3,7,2,9,3,9.72,8.05,mid-summer,145,42.46,3.3,1.22,,667,0.3,378.1,421
SS909,11,hypo,2019-07-04 00:00:00,2.1,10.6,10,17,14,3,9.72,8.05,mid-summer,145,48.28,3.56,1.16,,,0.1,,495
SS909,6,meta,2019-07-04 00:00:00,1.75,NA,7,2,7,3,9.72,8.05,mid-summer,145,,,,,,0.1,,447
SS2,2,epi,2019-07-06 00:00:00,0.98,26.92,6,2,9,5,NA,NA,mid-summer,141,109.78,10.05,1.78,,,0.2,127.2,841
SS2,7,meta,2019-07-06 00:00:00,1.75,29.18,7,3,8,5,NA,NA,mid-summer,141,93.01,3.13,1.11,,,0.1,238.7,894
SS2,9,hypo,2019-07-06 00:00:00,1.225,29.65,15,2,17,5,NA,NA,mid-summer,141,95.8,2.3,0.66,,,0.1,317.2,938
SS85,2,epi,2019-07-06 00:00:00,0.56,40.6,8,2,23,NA,NA,NA,mid-summer,137,103.25,1.64,0.43,,,0.1,75.1,1414
SS85,6,meta,2019-07-06 00:00:00,1.225,46.26,6,2,48,NA,NA,NA,mid-summer,137,117.06,2.61,1.14,,,0.2,182,1614
SS85,9,hypo,2019-07-06 00:00:00,2.8,52.91,9,4,86,NA,NA,NA,mid-summer,137,132.21,1.59,0.43,,,0.1,93.3,1834
SS904,13,hypo,2019-07-07 00:00:00,1.283333333,5.1,6,2,4,7,17.12,10.65,mid-summer,145,16.11,1.04,1.35,,,0.1,,288
SS904,3,epi,2019-07-07 00:00:00,0.35,5.3,5,2,7,7,17.12,10.65,mid-summer,145,15.91,0.6,0.88,,669,0.1,112.5,285
SS904,9,meta,2019-07-07 00:00:00,0.583333333,NA,4,2,7,7,17.12,10.65,mid-summer,145,,,,,,0.1,,277
SS905,2,epi,2019-07-07 00:00:00,0.2625,4.3,3,2,7,4,15.47,10.55,mid-summer,145,15.56,1.12,1.28,,532,0.1,259,227
SS905,12,hypo,2019-07-07 00:00:00,1.166666667,4.3,5,2,4,4,15.47,10.55,mid-summer,145,15.89,1.21,1.18,,,0.3,,229
SS905,8,meta,2019-07-07 00:00:00,0.525,NA,5,2,5,4,15.47,10.55,mid-summer,145,,,,,,0.1,,234
SS18,2,epi,2019-07-08 00:00:00,2.333,17.64,8,2,9,5,NA,NA,mid-summer,136,93.45,6.94,1.1,,,0.1,794.9,647
SS18,5,meta,2019-07-08 00:00:00,7.7,19.88,14,2,8,5,NA,NA,mid-summer,136,100.94,7.29,1,,,0.1,1727.7,753
SS18,8,hypo,2019-07-08 00:00:00,7,21.21,20,2,125,5,NA,NA,mid-summer,136,154.8,21.21,0.89,,,0.2,2509.1,952
SS903,,epi,2011-06-20 00:00:00,NA,NA,NA,NA,NA,7,NA,NA,early,170,NA,NA,NA,NA,NA,NA,NA,NA
SS903,,meta,2011-06-20 00:00:00,NA,NA,NA,NA,NA,7,NA,NA,early,170,NA,NA,NA,NA,NA,NA,NA,NA
SS903,,hypo,2011-06-20 00:00:00,NA,NA,NA,NA,NA,7,NA,NA,early,170,NA,NA,NA,NA,NA,NA,NA,NA
SS2,,epi,2011-06-21 00:00:00,NA,NA,NA,NA,NA,2,NA,NA,early,165,NA,NA,NA,NA,NA,NA,NA,NA
SS2,,meta,2011-06-21 00:00:00,NA,NA,NA,NA,NA,2,NA,NA,early,165,NA,NA,NA,NA,NA,NA,NA,NA
SS2,,hypo,2011-06-21 00:00:00,NA,NA,NA,NA,NA,2,NA,NA,early,165,NA,NA,NA,NA,NA,NA,NA,NA
SS1590,,epi,2011-06-21 00:00:00,NA,NA,NA,NA,NA,2,NA,NA,early,165,NA,NA,NA,NA,NA,NA,NA,NA
SS1590,,meta,2011-06-21 00:00:00,NA,NA,NA,NA,NA,2,NA,NA,early,165,NA,NA,NA,NA,NA,NA,NA,NA
SS1590,,hypo,2011-06-21 00:00:00,NA,NA,NA,NA,NA,2,NA,NA,early,165,NA,NA,NA,NA,NA,NA,NA,NA
SS1381,,epi,2011-06-22 00:00:00,NA,NA,NA,NA,NA,2,NA,NA,early,165,NA,NA,NA,NA,NA,NA,NA,NA
SS1381,,meta,2011-06-22 00:00:00,NA,NA,NA,NA,NA,2,NA,NA,early,165,NA,NA,NA,NA,NA,NA,NA,NA
SS1381,,hypo,2011-06-22 00:00:00,NA,NA,NA,NA,NA,2,NA,NA,early,165,NA,NA,NA,NA,NA,NA,NA,NA
SS2,3,epi,2021-08-06 00:00:00,1.76,,8.8,2,10,8,,6.2,mid-summer,148,,,,,,0.1,,944
SS2,8,meta,2021-08-06 00:00:00,1.92,,6.8,4,14,8,,,mid-summer,148,,,,,,0.1,,941
SS2,10,hypo,2021-08-06 00:00:00,1.2,,7.1,13,28,8,,,mid-summer,148,,,,,,0.1,,940
SS18,3,epi,2021-08-06 00:00:00,3.733333333,,8.7,2,12,4,,3.7,mid-summer,148,,,,,,0.1,,840
SS18,6,meta,2021-08-06 00:00:00,6.8,,10.7,2,16,4,,,mid-summer,148,,,,,,0.1,,831
SS18,8,hypo,2021-08-06 00:00:00,5.6,,11.8,7,87,4,,,mid-summer,148,,,,,,0.1,,925
SS85,3,epi,2021-08-09 00:00:00,0.933333333,,6.6,2,25,8,,6.6,mid-summer,148,,,,,,0.1,,1600
SS85,8,meta,2021-08-09 00:00:00,1.466666667,,6.1,2,24,8,,,mid-summer,148,,,,,,0.1,,1610
SS85,10,hypo,2021-08-09 00:00:00,1.546961326,,11.2,12,203,8,,,mid-summer,148,,,,,,0.1,,1870
SS901,3,epi,2021-08-08 00:00:00,1.100529101,,5.1,4,14,8,,9.6,mid-summer,148,,,,,,0.1,,467
SS901,8,meta,2021-08-08 00:00:00,1.535353535,,6.4,2,8,8,,,mid-summer,148,,,,,,0.1,,495
SS901,11,hypo,2021-08-08 00:00:00,1.866666667,,7.5,2,8,8,,,mid-summer,148,,,,,,0.1,,463
SS1590,3,epi,2021-08-09 00:00:00,1.6,,8.7,2,9,5,,5.4,mid-summer,148,,,,,,0.1,,1050
SS1590,8,meta,2021-08-09 00:00:00,1.8,,8.8,12,18,5,,,mid-summer,148,,,,,,0.1,,1030
SS1590,11,hypo,2021-08-09 00:00:00,0.8,,8.1,16,34,5,,,mid-summer,148,,,,,,0.1,,1050